Datetime,Water Balance,Persistence,Ensemble1,Ensemble2,Ensemble3,Ensemble4,Ensemble5,Ensemble6,Ensemble7,Ensemble8,Ensemble9,Ensemble10,Ensemble11,Ensemble12,Ensemble13,Ensemble14,Ensemble15,Ensemble16,Ensemble17,Ensemble18,Ensemble19,Ensemble20,Ensemble21,Ensemble22,Ensemble23,Ensemble24,Ensemble25,Ensemble26,Ensemble27,Ensemble28,Ensemble29,Ensemble30,Ensemble31,Ensemble32,Ensemble33,Ensemble34,Ensemble35,Ensemble36,Ensemble37,Ensemble38,Ensemble39,Ensemble40,Ensemble41,Ensemble42,Ensemble43,Ensemble44,Ensemble45,Ensemble46,Ensemble47,Ensemble48,Ensemble49,Ensemble50,Ensemble51
2017-08-04 00:00:00,311.6567077636719,0.0,311.6567077636719,311.6567077636719,311.6567077636719,311.6567077636719,311.6567077636719,311.6567077636719,311.6567077636719,311.6567077636719,311.6567077636719,311.6567077636719,311.6567077636719,311.6567077636719,311.6567077636719,311.6567077636719,311.6567077636719,311.6567077636719,311.6567077636719,311.6567077636719,311.6567077636719,311.6567077636719,311.6567077636719,311.6567077636719,311.6567077636719,311.6567077636719,311.6567077636719,311.6567077636719,311.6567077636719,311.6567077636719,311.6567077636719,311.6567077636719,311.6567077636719,311.6567077636719,311.6567077636719,311.6567077636719,311.6567077636719,311.6567077636719,311.6567077636719,311.6567077636719,311.6567077636719,311.6567077636719,311.6567077636719,311.6567077636719,311.6567077636719,311.6567077636719,311.6567077636719,311.6567077636719,311.6567077636719,311.6567077636719,311.6567077636719,311.6567077636719,311.6567077636719
2017-08-04 03:00:00,348.9981466410622,2.4284024377472244,384.3197326660156,334.9881591796875,363.3424377441406,378.7078857421875,399.4967956542969,339.9020690917969,337.5773010253906,350.3085021972656,338.437744140625,339.6239318847656,424.88555908203125,334.3064880371094,383.6402893066406,370.9551086425781,424.53564453125,339.2554016113281,350.8750305175781,343.391845703125,347.62078857421875,337.4010925292969,341.2582092285156,362.0443420410156,345.4918212890625,348.72662353515625,438.7086181640625,403.3071899414063,352.2120666503906,390.4737548828125,363.3249816894531,483.5138549804688,346.1783752441406,357.204345703125,424.6620788574219,447.3244323730469,349.32080078125,379.3913879394531,370.2817687988281,349.7830505371094,410.0809631347656,396.13665771484375,350.9024658203125,374.3971557617188,490.6542663574219,369.2701110839844,427.9015808105469,344.9372863769531,344.51129150390625,384.7069396972656,350.1313781738281,364.0804138183594,402.1775207519531
2017-08-04 06:00:00,397.24194371703794,5.933722373351724,516.3076782226561,400.0535888671875,457.4581298828125,510.5129089355469,539.0191040039061,398.05322265625,409.3205261230469,425.0143737792969,410.6440734863281,383.34710693359375,669.6329345703125,399.4999694824219,530.7197875976561,467.9386901855469,624.7232666015625,407.5309753417969,426.78265380859375,441.3350830078125,428.0889587402344,410.3894348144531,419.4007263183594,462.0508117675781,431.4741516113281,418.7623901367188,693.2660522460938,589.3092041015625,438.79046630859375,534.1007690429689,469.2450866699219,758.5402221679688,414.9713439941406,459.0392456054688,617.6185913085938,709.3779296875,423.3829345703125,498.6524963378906,476.4598693847656,438.845947265625,608.0121459960938,547.6669921875,448.5711364746094,529.3339233398439,853.8373413085938,467.0483703613281,640.6849975585938,411.2423400878906,416.3510437011719,551.8217163085939,421.7245788574219,465.0381774902344,583.3649291992188
2017-08-04 09:00:00,453.5398201777143,10.38814476971565,635.2034912109375,490.7074279785156,580.8726806640625,634.8123168945312,627.3612060546875,516.881591796875,501.1196899414063,516.0106201171875,494.4153137207031,491.08837890625,881.9189453125,475.5198059082031,652.0130615234375,642.6243286132812,738.8682250976562,512.4450073242189,508.539794921875,567.8663330078125,528.9427490234375,499.40283203125,503.259521484375,569.5357666015625,538.1609497070311,504.6988830566406,918.0870361328124,777.4821166992188,544.5965576171875,635.340087890625,594.2725830078125,950.1630249023438,530.2550048828125,566.9297485351562,775.9828491210938,884.2850341796875,514.8226928710939,611.3751220703125,583.2010498046875,540.1282958984375,798.23095703125,681.7199096679688,537.2472534179689,669.4789428710938,1176.98486328125,555.40283203125,794.370361328125,494.9210815429688,486.0046081542969,846.9974365234375,525.1747436523439,566.9309692382812,747.9127197265625
2017-08-04 12:00:00,515.043497209206,15.66385458974115,744.455322265625,586.6361083984375,781.8531494140625,801.488525390625,726.7677612304688,679.5736083984375,590.8895874023438,637.9054565429688,582.4961547851562,620.8831787109375,1037.4400634765623,560.3358154296875,751.8153686523438,862.1826171875,818.48388671875,633.6511840820312,610.3861694335938,672.7020874023438,639.8165283203125,591.4932861328125,605.0020751953125,688.6668090820312,641.640869140625,604.2368774414062,1110.5238037109377,957.8414306640624,658.2685546875,717.600830078125,830.6079711914062,1114.2545166015623,667.0706787109375,692.0509643554688,926.0797729492188,989.5289306640624,618.1006469726562,728.1297607421875,703.7871704101562,645.131103515625,979.9114990234376,812.3226318359375,618.7907104492188,757.9461669921875,1410.963134765625,646.0089111328125,913.3073120117188,588.5255126953125,558.2933349609375,1209.9696044921875,656.0472412109375,673.2550048828125,887.1752319335938
2017-08-04 15:00:00,578.904695997628,21.633036796330384,839.4501342773438,680.8225708007812,1046.4051513671877,976.042236328125,826.0845336914062,837.5489501953125,701.5534057617188,756.4613037109375,673.546142578125,738.859375,1167.7279052734375,649.4835815429688,836.7958374023438,1070.5234375,901.3699340820312,733.3252563476562,722.4176635742188,766.2576904296875,744.28759765625,679.3434448242188,713.04833984375,801.406982421875,737.5120239257812,701.9784545898438,1271.6431884765625,1114.9393310546877,770.470458984375,792.3458862304688,1049.03466796875,1240.0819091796875,792.0151977539062,815.4352416992188,1056.3634033203123,1063.7857666015623,718.220947265625,844.3970336914062,807.5239868164062,747.27978515625,1145.95068359375,928.261962890625,698.3306884765625,837.814208984375,1603.364990234375,739.6844482421875,1004.0371704101562,676.11767578125,639.9884643554688,1432.0045166015625,760.4246826171875,771.5440063476562,1003.6640014648438
2017-08-04 18:00:00,642.2751377290951,28.167876352385488,923.2465209960938,780.3338623046875,1310.2130126953125,1124.96337890625,909.1529541015624,974.4600219726562,813.7135620117188,864.6859130859375,774.4627075195312,858.4534301757812,1268.9656982421875,760.0792236328125,917.2825317382812,1253.170166015625,983.538330078125,831.059326171875,831.8563232421875,860.8338012695312,837.1083374023438,794.08203125,809.665771484375,907.6537475585938,826.8438110351562,804.6543579101562,1385.7969970703125,1242.31982421875,888.6134033203125,865.837890625,1128.171630859375,1337.4052734375,910.63916015625,918.4423217773438,1173.4141845703125,1115.4183349609377,815.5014038085938,949.1407470703124,899.215087890625,849.8949584960938,1279.0916748046875,1030.91748046875,778.57958984375,913.3980102539062,1801.6458740234373,846.6287231445312,1091.5941162109377,762.0901489257812,741.0338134765625,1534.0953369140625,856.2601318359375,867.9917602539062,1107.3734130859377
2017-08-04 21:00:00,702.3065435897228,35.14055822080864,1000.9346923828124,877.643310546875,1522.4674072265625,1242.3319091796875,996.068359375,1103.16162109375,919.3849487304688,963.012451171875,882.2348022460938,982.6211547851562,1350.6995849609375,877.0966796875,996.064453125,1409.81005859375,1071.7845458984377,922.5228271484376,946.3272705078124,948.3511962890624,917.3218994140624,920.1109008789062,895.814453125,1006.4962768554688,908.1857299804688,918.7470092773438,1462.1005859375,1344.379150390625,998.7462768554688,938.3139038085938,1217.5970458984375,1417.3555908203125,1021.3317260742188,1019.3493041992188,1296.5191650390625,1160.8280029296875,911.6304321289062,1043.8848876953123,986.9913330078124,953.2705078125,1385.7047119140625,1135.923095703125,852.6304321289062,982.7465209960938,1992.78564453125,958.18994140625,1174.9322509765625,850.0645751953125,850.2094116210938,1650.3958740234375,957.6841430664062,958.197265625,1196.60888671875
2017-08-05 00:00:00,756.150634765625,42.42326736450195,1071.3079833984377,962.2666015625,1680.9169921875,1327.7430419921875,1082.5498046875,1214.819091796875,1014.047119140625,1048.440185546875,987.6883544921876,1102.8656005859377,1421.3421630859375,974.3265380859376,1089.5706787109377,1542.7794189453125,1156.50634765625,1002.7796020507812,1057.304931640625,1025.5880126953123,994.5928955078124,1026.9920654296877,970.9976806640624,1091.1199951171877,980.0507202148438,1015.9724731445312,1515.0980224609375,1422.6845703125,1089.593505859375,1008.1062622070312,1305.2598876953125,1502.3587646484375,1118.0767822265623,1113.39794921875,1419.645263671875,1206.3472900390625,999.11767578125,1136.7408447265625,1068.2646484375,1050.2467041015623,1474.4036865234375,1235.42529296875,918.615234375,1043.3782958984377,2106.96484375,1059.6168212890623,1247.466796875,934.1543579101562,958.5732421875,1754.9127197265625,1076.7178955078123,1034.290771484375,1272.4427490234375
2017-08-05 03:00:00,805.5054026676961,50.5815900553691,1133.5443115234375,1030.353515625,1786.5277099609375,1385.8157958984375,1165.273681640625,1305.5577392578125,1097.3480224609377,1122.612060546875,1089.2081298828123,1213.4420166015625,1483.2044677734375,1053.8798828125,1170.5548095703125,1658.996826171875,1230.9774169921875,1069.244384765625,1152.1162109375,1090.59033203125,1066.519287109375,1109.3521728515623,1045.6207275390623,1159.2479248046875,1038.5101318359377,1085.9984130859377,1558.8739013671875,1473.5743408203125,1160.0533447265625,1073.305419921875,1375.86376953125,1582.9639892578125,1196.1304931640625,1199.3038330078125,1532.0382080078125,1248.072021484375,1076.267578125,1220.4979248046875,1138.1263427734375,1131.5828857421875,1563.219482421875,1299.9114990234375,979.6509399414062,1094.55810546875,2169.448486328125,1141.538818359375,1308.9752197265625,1010.6688232421876,1076.589111328125,1822.3643798828125,1204.6173095703125,1099.056884765625,1336.87451171875
2017-08-05 06:00:00,853.8885147742807,60.17441478751582,1190.0277099609375,1084.486328125,1844.9862060546875,1422.476318359375,1271.730224609375,1377.9625244140625,1163.0560302734375,1185.498779296875,1183.8182373046875,1307.951416015625,1535.7645263671875,1113.4317626953123,1207.238037109375,1736.68115234375,1298.0633544921875,1124.2183837890623,1230.302490234375,1143.5333251953125,1132.005126953125,1180.409423828125,1121.06396484375,1211.225341796875,1105.868408203125,1142.3076171875,1604.81982421875,1501.9141845703125,1212.149658203125,1131.5428466796875,1432.7060546875,1650.2872314453125,1259.9942626953125,1287.1231689453125,1637.868896484375,1298.4256591796875,1154.364990234375,1281.4876708984375,1203.2685546875,1205.1849365234375,1737.220947265625,1337.4468994140625,1040.1705322265623,1135.84716796875,2210.803955078125,1208.3839111328125,1359.4716796875,1077.8839111328123,1169.8502197265625,1878.874755859375,1312.4490966796875,1156.6510009765625,1388.1302490234375
2017-08-05 09:00:00,901.18120637267,71.06387985714744,1237.5589599609375,1129.1234130859375,1862.79296875,1454.741943359375,1419.173583984375,1452.8287353515625,1206.988525390625,1245.708740234375,1272.1239013671875,1424.4962158203125,1578.3438720703125,1183.510498046875,1231.3038330078125,1768.9036865234375,1358.4393310546875,1172.8712158203125,1290.4979248046875,1191.385009765625,1214.86083984375,1246.395751953125,1175.699951171875,1245.51904296875,1164.146728515625,1183.0196533203125,1653.265380859375,1508.49951171875,1255.6849365234375,1175.6456298828125,1491.0445556640625,1702.443115234375,1340.4249267578125,1450.639404296875,1749.357177734375,1426.66552734375,1241.96630859375,1321.711181640625,1269.263427734375,1280.5064697265625,1976.2073974609373,1363.844970703125,1100.10498046875,1188.9561767578125,2226.3154296875,1258.67919921875,1398.8377685546875,1132.529296875,1227.6783447265625,1923.664306640625,1401.1806640625,1231.7366943359375,1426.6488037109375
2017-08-05 12:00:00,947.2647127501547,83.1121235604693,1279.39453125,1168.3133544921875,1850.653076171875,1469.6605224609375,1576.780029296875,1512.3824462890625,1240.3406982421875,1291.206298828125,1344.6416015625,1515.562744140625,1614.0052490234375,1245.8712158203125,1253.7144775390625,1771.954833984375,1535.3209228515625,1219.83740234375,1335.1776123046875,1229.13232421875,1341.810791015625,1291.2728271484375,1203.607177734375,1274.7281494140625,1187.9345703125,1207.2705078125,1691.5810546875,1506.152099609375,1312.10107421875,1223.177978515625,1522.7205810546875,1735.650390625,1401.8975830078125,1653.1031494140625,1855.6494140625,1543.0631103515625,1307.439453125,1345.6451416015625,1315.4163818359375,1340.7730712890625,2096.46728515625,1482.79248046875,1162.466796875,1238.03857421875,2220.33056640625,1303.52587890625,1425.00927734375,1184.931396484375,1273.947998046875,1935.6610107421875,1490.9207763671875,1306.9700927734375,1454.855224609375
2017-08-05 15:00:00,992.0202691940264,96.18128419368671,1323.2586669921875,1210.2867431640625,1828.216796875,1464.684326171875,1704.31396484375,1544.4078369140625,1262.203857421875,1326.7774658203125,1411.0203857421875,1536.2818603515625,1645.4815673828125,1276.2352294921875,1280.8299560546875,1748.84716796875,1747.05712890625,1264.7340087890625,1372.4400634765625,1251.5418701171875,1472.9925537109375,1328.9031982421875,1231.849609375,1302.156494140625,1214.2816162109375,1225.063720703125,1723.571044921875,1501.305908203125,1374.0548095703125,1279.7796630859375,1523.57275390625,1762.3114013671875,1420.4593505859375,1740.3857421875,1933.3636474609373,1540.593994140625,1355.562744140625,1360.1878662109375,1347.4061279296875,1371.3350830078125,2083.93701171875,1699.7042236328125,1221.4732666015625,1271.36572265625,2190.993408203125,1358.5482177734375,1435.67041015625,1228.880859375,1313.592529296875,1915.970458984375,1547.7437744140625,1342.57275390625,1478.32861328125
2017-08-05 18:00:00,1035.3291109915765,110.13350005300501,1355.5738525390625,1247.6968994140625,1800.59033203125,1456.5555419921875,1786.7037353515625,1567.46728515625,1277.2801513671875,1361.551513671875,1477.400390625,1547.816162109375,1677.033935546875,1311.3299560546875,1308.364013671875,1706.8726806640625,1850.2235107421875,1323.0709228515625,1396.7286376953125,1327.2562255859375,1550.34423828125,1363.1343994140625,1261.9873046875,1320.899658203125,1237.6282958984375,1240.03564453125,1739.6181640625,1487.8243408203125,1412.6661376953125,1325.9503173828125,1521.1978759765625,1776.9473876953125,1432.9598388671875,1728.0186767578125,1987.193115234375,1511.121337890625,1395.640625,1372.7713623046875,1375.7708740234375,1397.353271484375,2038.608154296875,1816.0701904296875,1265.576416015625,1305.55078125,2153.2900390625,1410.17041015625,1442.201904296875,1256.43603515625,1352.5797119140625,1872.973876953125,1585.28955078125,1376.32763671875,1495.07177734375
2017-08-05 21:00:00,1077.0724734300954,124.83090943462956,1381.042724609375,1278.277587890625,1765.6685791015625,1442.19580078125,1827.8272705078125,1583.1170654296875,1285.7958984375,1392.571533203125,1533.8936767578125,1542.169677734375,1697.6788330078125,1349.47509765625,1324.612060546875,1654.963623046875,1922.776123046875,1373.1822509765625,1410.6854248046875,1439.0113525390625,1607.957763671875,1388.0650634765625,1274.262939453125,1332.783935546875,1249.4326171875,1250.0185546875,1740.0155029296875,1468.0723876953125,1438.954833984375,1356.6566162109375,1510.853515625,1777.2608642578125,1439.6004638671875,1700.78125,2016.62060546875,1473.8115234375,1421.320556640625,1380.1434326171875,1395.8194580078125,1418.2166748046875,1983.7188720703125,1821.666259765625,1298.5316162109375,1326.8505859375,2106.87060546875,1449.2918701171875,1443.2945556640625,1278.095458984375,1379.1962890625,1815.8817138671875,1619.896728515625,1409.2745361328125,1504.2735595703125
2017-08-06 00:00:00,1117.131591796875,140.13565063476562,1399.9390869140625,1297.4033203125,1725.3172607421875,1422.9884033203125,1834.177001953125,1588.0509033203125,1283.16064453125,1418.62158203125,1573.8271484375,1520.2166748046875,1704.7969970703125,1380.0240478515625,1327.9688720703125,1597.7086181640625,1996.516845703125,1406.88037109375,1415.61376953125,1507.7183837890625,1642.4661865234375,1398.816162109375,1275.6810302734375,1337.890869140625,1251.005126953125,1251.7608642578125,1725.2584228515625,1440.7286376953125,1486.092529296875,1370.2008056640625,1494.43212890625,1762.7734375,1438.4765625,1670.7958984375,2020.6363525390625,1430.48291015625,1429.1182861328125,1381.7471923828125,1405.7972412109375,1429.9471435546875,1922.84423828125,1802.7469482421875,1319.2178955078125,1330.175537109375,2051.0830078125,1466.7320556640625,1439.9747314453125,1286.7900390625,1388.7303466796875,1751.795166015625,1637.1630859375,1440.42529296875,1500.37353515625
2017-08-06 03:00:00,1156.0705354504773,156.036545630939,1409.4730224609375,1304.7987060546875,1682.28515625,1399.8768310546875,1815.04150390625,1580.3037109375,1269.2679443359375,1440.4063720703125,1593.6583251953125,1487.389404296875,1700.9056396484375,1396.7088623046875,1322.5186767578125,1538.4188232421875,2039.32666015625,1424.0938720703125,1406.0849609375,1545.013916015625,1647.3876953125,1395.393310546875,1267.57470703125,1345.353515625,1247.5941162109375,1248.09912109375,1698.206298828125,1409.4771728515625,1528.8233642578125,1371.426025390625,1473.737548828125,1735.4471435546875,1422.44970703125,1639.770751953125,2002.5689697265625,1385.26953125,1422.72802734375,1379.989990234375,1407.93505859375,1432.7755126953125,1860.8685302734373,1772.2960205078125,1329.71826171875,1323.41015625,1989.260498046875,1466.4168701171875,1431.8084716796875,1281.818115234375,1383.75390625,1685.18896484375,1638.922607421875,1458.2491455078125,1487.0523681640625
2017-08-06 06:00:00,1194.3430332605105,172.84076310524912,1412.0869140625,1304.36865234375,1638.86962890625,1376.152587890625,1779.250244140625,1560.7490234375,1250.23974609375,1459.27685546875,1593.95166015625,1448.9171142578125,1694.9429931640625,1401.4918212890625,1312.5069580078125,1480.796142578125,2042.7607421875,1427.9132080078125,1386.0859375,1563.1492919921875,1623.4351806640625,1382.61376953125,1254.2259521484375,1352.39501953125,1239.934326171875,1247.3321533203125,1664.96142578125,1377.239990234375,1555.239990234375,1365.6087646484375,1455.5506591796875,1698.965087890625,1396.3306884765625,1608.460693359375,1968.913818359375,1342.4031982421875,1410.032470703125,1375.279296875,1405.802001953125,1429.6966552734375,1800.6951904296875,1740.4632568359375,1335.226806640625,1313.695068359375,1927.1336669921875,1452.4990234375,1419.2725830078125,1271.58447265625,1369.2000732421875,1617.6265869140625,1632.4375,1464.0228271484375,1468.8162841796875
2017-08-06 09:00:00,1231.6648097808334,190.8879614107619,1422.6954345703125,1311.2718505859375,1600.73681640625,1359.5799560546875,1741.84375,1538.5860595703125,1229.6192626953125,1474.105224609375,1586.4063720703125,1408.8072509765625,1693.6014404296875,1416.2821044921875,1300.0433349609375,1431.358642578125,2016.0155029296875,1423.937744140625,1363.1038818359375,1563.0987548828125,1584.0460205078125,1368.432861328125,1240.499267578125,1355.2418212890625,1240.134765625,1289.051025390625,1627.2989501953125,1346.079345703125,1581.214599609375,1367.9547119140625,1436.2869873046875,1656.719970703125,1366.4298095703125,1580.433837890625,1922.9678955078125,1303.861572265625,1394.2535400390625,1367.87646484375,1408.0137939453125,1428.1375732421875,1744.21435546875,1710.91162109375,1350.667236328125,1304.7132568359375,1873.7957763671875,1429.2327880859375,1404.4036865234375,1263.016845703125,1355.44482421875,1552.4610595703125,1623.7432861328125,1466.48388671875,1449.9091796875
2017-08-06 12:00:00,1267.751589565306,210.51779890054328,1413.020751953125,1323.043701171875,1561.0244140625,1355.112060546875,1706.0242919921875,1518.0499267578125,1210.51904296875,1484.6917724609375,1577.4395751953125,1368.76416015625,1677.4124755859375,1445.59912109375,1288.4852294921875,1387.9898681640625,1965.4556884765625,1411.2532958984375,1338.3707275390625,1550.20947265625,1539.4405517578125,1365.332763671875,1227.4847412109375,1357.3448486328125,1241.2724609375,1350.2525634765625,1584.79638671875,1317.2650146484375,1606.7679443359375,1348.375244140625,1416.5540771484375,1611.448486328125,1339.3402099609375,1552.758544921875,1869.8197021484373,1272.3516845703125,1377.029052734375,1364.1947021484375,1421.1478271484375,1424.722412109375,1681.6614990234375,1694.2052001953125,1363.41748046875,1290.7899169921875,1820.7081298828125,1395.6622314453125,1381.37255859375,1257.824462890625,1342.3359375,1499.4576416015625,1609.406494140625,1471.2056884765625,1433.6016845703125
2017-08-06 15:00:00,1302.3190971677868,232.06993392765904,1413.5364990234375,1321.6912841796875,1512.835693359375,1363.07568359375,1665.358642578125,1497.8798828125,1191.8189697265625,1496.08935546875,1569.819091796875,1329.7825927734375,1667.1922607421875,1460.6104736328125,1267.908447265625,1344.200927734375,1903.8697509765625,1388.913818359375,1318.6903076171875,1531.009033203125,1507.5401611328125,1364.997802734375,1214.85693359375,1351.0506591796875,1223.07177734375,1381.6766357421875,1549.5291748046875,1297.018798828125,1630.822998046875,1338.415283203125,1408.1693115234375,1565.0111083984375,1317.6785888671875,1529.2913818359375,1823.656494140625,1247.368408203125,1364.610107421875,1356.3125,1431.379638671875,1421.091796875,1633.3853759765625,1684.2864990234375,1367.7369384765625,1284.63720703125,1764.1727294921875,1365.901123046875,1374.2635498046875,1263.30810546875,1333.1326904296875,1460.4180908203125,1589.7264404296875,1476.4278564453125,1419.41796875
2017-08-06 18:00:00,1335.0830571421359,255.88402484517516,1442.762939453125,1320.14404296875,1473.5130615234375,1371.13525390625,1622.64208984375,1486.5093994140625,1174.41845703125,1500.43310546875,1561.1463623046875,1290.6826171875,1663.1463623046875,1455.13037109375,1260.283203125,1307.757080078125,1836.0728759765625,1372.1463623046875,1304.240966796875,1515.523681640625,1493.857177734375,1359.335693359375,1199.98291015625,1336.17138671875,1202.4271240234375,1430.350830078125,1521.3692626953125,1284.25732421875,1648.3082275390625,1408.38818359375,1423.7884521484375,1518.5836181640625,1303.09716796875,1512.5325927734375,1790.172607421875,1228.3846435546875,1362.0557861328125,1351.72802734375,1428.0574951171875,1415.3426513671875,1603.5264892578125,1682.9957275390625,1374.532470703125,1292.516845703125,1710.99755859375,1343.1392822265625,1377.6304931640625,1269.847412109375,1327.6851806640625,1439.9422607421875,1577.74365234375,1494.8955078125,1400.9139404296875
2017-08-06 21:00:00,1365.7591940422121,282.29973000615746,1476.993408203125,1323.6370849609375,1444.909423828125,1393.9708251953125,1577.9951171875,1481.2232666015625,1156.535400390625,1494.5517578125,1549.0233154296875,1250.987060546875,1652.7138671875,1443.034912109375,1256.1337890625,1274.5633544921875,1763.114013671875,1355.3631591796875,1289.7652587890625,1496.9776611328125,1484.1884765625,1351.2685546875,1185.6436767578125,1313.585693359375,1182.8011474609375,1478.93896484375,1506.661376953125,1274.3056640625,1650.58837890625,1486.04931640625,1458.185791015625,1472.1575927734375,1289.7020263671875,1493.7174072265625,1756.625732421875,1211.165283203125,1356.879150390625,1365.7294921875,1424.8724365234375,1405.4713134765625,1571.80615234375,1690.6190185546875,1377.0118408203125,1290.8062744140625,1656.826904296875,1319.6202392578125,1379.3056640625,1269.1728515625,1321.04833984375,1432.22314453125,1581.1654052734375,1511.28271484375,1384.4737548828125
2017-08-07 00:00:00,1394.063232421875,311.6567077636719,1500.4359130859375,1323.5406494140625,1415.026123046875,1427.6336669921875,1531.3602294921875,1466.046875,1147.171142578125,1478.7611083984375,1531.64013671875,1210.6910400390625,1634.3795166015625,1423.2747802734375,1246.4896240234375,1241.520263671875,1687.2591552734375,1330.937255859375,1273.687255859375,1468.072509765625,1473.72314453125,1336.7965087890625,1170.19677734375,1282.9710693359375,1162.67919921875,1504.7486572265625,1499.9625244140625,1263.117919921875,1636.211181640625,1543.2630615234375,1470.6971435546875,1425.9080810546875,1275.3759765625,1469.18212890625,1714.6822509765625,1188.590576171875,1337.235107421875,1374.912841796875,1415.1798095703125,1396.817138671875,1533.273193359375,1697.628662109375,1372.0201416015625,1286.3701171875,1597.858642578125,1292.4200439453125,1376.1318359375,1258.513671875,1310.4708251953125,1424.5997314453125,1608.28369140625,1514.935791015625,1376.5596923828125
2017-08-07 03:00:00,1420.8558115378314,348.9981466410622,1508.628662109375,1317.3621826171875,1379.5289306640625,1444.7149658203125,1486.3238525390625,1448.9373779296875,1162.6510009765625,1455.455810546875,1507.4334716796875,1170.4647216796875,1603.23486328125,1393.182861328125,1232.5438232421875,1223.215087890625,1611.4130859375,1299.338134765625,1252.1640625,1431.1290283203125,1461.3594970703125,1316.592529296875,1157.00537109375,1248.5576171875,1139.8389892578125,1508.9417724609375,1488.0546875,1242.1644287109375,1610.866455078125,1579.7833251953125,1455.09228515625,1381.206787109375,1260.4136962890625,1445.1123046875,1666.7601318359375,1171.3349609375,1312.2921142578125,1369.9930419921875,1397.739013671875,1383.3922119140625,1491.4776611328125,1702.0899658203125,1359.2237548828125,1293.90771484375,1536.5079345703125,1263.269287109375,1381.1422119140625,1244.422119140625,1301.0888671875,1413.60302734375,1625.513671875,1507.1187744140625,1361.6136474609375
2017-08-07 06:00:00,1446.971653543921,397.24194371703794,1500.9483642578125,1307.54248046875,1345.4874267578125,1477.6947021484375,1450.4930419921875,1445.6439208984375,1163.3870849609375,1428.6351318359375,1483.203125,1134.1719970703125,1565.2249755859375,1358.3055419921875,1219.411865234375,1213.22265625,1544.351318359375,1265.7489013671875,1223.8026123046875,1393.542724609375,1449.201416015625,1292.3714599609375,1144.2442626953125,1218.770751953125,1117.7340087890623,1501.105224609375,1462.8040771484375,1214.232666015625,1583.0078125,1601.5086669921875,1431.314697265625,1339.12646484375,1250.4053955078125,1423.268798828125,1617.011962890625,1159.1051025390625,1303.8731689453125,1354.842529296875,1379.379638671875,1366.1099853515625,1448.59228515625,1702.609619140625,1343.1134033203125,1306.6856689453125,1476.3096923828125,1234.50244140625,1393.609619140625,1236.19189453125,1294.7081298828125,1403.815185546875,1612.9769287109375,1495.85791015625,1330.1497802734375
2017-08-07 09:00:00,1472.0876073397005,453.5398201777143,1477.536865234375,1296.586669921875,1315.290283203125,1514.1895751953125,1441.2406005859375,1448.615478515625,1163.57861328125,1395.16845703125,1458.3074951171875,1100.426513671875,1555.4302978515625,1335.293701171875,1235.29541015625,1221.5716552734375,1487.5787353515625,1234.971435546875,1215.1343994140625,1385.188720703125,1456.180908203125,1273.30908203125,1129.9075927734375,1194.1151123046875,1096.51953125,1492.64208984375,1436.93701171875,1199.65576171875,1557.4365234375,1650.844482421875,1421.2779541015625,1301.6143798828125,1247.79541015625,1404.8685302734375,1569.67236328125,1159.1932373046875,1308.179443359375,1338.945556640625,1370.05615234375,1351.4189453125,1404.884033203125,1700.0367431640625,1324.403076171875,1348.3349609375,1424.9783935546875,1212.212646484375,1412.646240234375,1234.2781982421875,1292.503662109375,1399.64453125,1611.187744140625,1487.804931640625,1290.11181640625
2017-08-07 12:00:00,1495.8805218247269,515.043497209206,1447.638671875,1285.9241943359375,1296.7777099609375,1503.47607421875,1439.02392578125,1446.0654296875,1185.939453125,1358.41748046875,1431.5172119140625,1068.633544921875,1552.326171875,1330.5811767578125,1274.1478271484375,1245.386962890625,1432.7763671875,1212.88818359375,1212.3087158203125,1380.08544921875,1489.767578125,1272.4737548828125,1125.2423095703123,1171.1607666015625,1069.0926513671877,1491.53369140625,1421.6185302734375,1189.71240234375,1528.317138671875,1685.02099609375,1411.2099609375,1267.9219970703125,1241.084228515625,1381.466552734375,1520.1868896484375,1166.89208984375,1288.8677978515625,1322.5260009765625,1366.986328125,1346.49658203125,1377.6234130859375,1693.9710693359375,1313.7177734375,1418.9425048828125,1381.3787841796875,1191.86474609375,1431.529052734375,1232.70556640625,1291.1370849609375,1398.5101318359375,1593.5750732421875,1469.461669921875,1247.361083984375
2017-08-07 15:00:00,1518.0272458985569,578.904695997628,1425.0443115234375,1286.443603515625,1291.501220703125,1487.4989013671875,1459.6400146484375,1458.8233642578125,1249.279541015625,1332.70751953125,1407.6578369140625,1039.0223388671877,1526.9124755859375,1331.0543212890625,1277.1776123046875,1269.01318359375,1404.898193359375,1233.14501953125,1204.1741943359375,1362.87548828125,1533.356201171875,1283.061279296875,1130.5882568359375,1158.31640625,1055.7197265625,1508.4273681640625,1425.2313232421875,1176.1800537109375,1499.5084228515625,1677.9849853515625,1405.507568359375,1233.54541015625,1226.6187744140625,1358.682861328125,1477.2684326171875,1167.2374267578125,1268.6527099609375,1309.857177734375,1369.9984130859375,1341.4896240234375,1362.181640625,1695.200927734375,1321.123046875,1472.4091796875,1332.9119873046875,1179.257568359375,1440.1436767578125,1237.5635986328125,1285.5982666015625,1399.810791015625,1578.5279541015625,1445.798828125,1205.7374267578125
2017-08-07 18:00:00,1538.2046284607475,642.2751377290951,1406.90673828125,1306.349365234375,1289.9344482421875,1484.8909912109375,1502.357421875,1505.0196533203125,1387.9918212890625,1314.6251220703125,1388.06298828125,1012.6279907226562,1513.2044677734375,1334.883544921875,1254.1707763671875,1287.635009765625,1390.8880615234375,1269.00927734375,1196.5687255859375,1352.5081787109375,1562.2803955078125,1285.29150390625,1139.26611328125,1149.1805419921875,1052.49169921875,1535.64013671875,1449.323486328125,1162.9332275390625,1466.435546875,1681.735107421875,1410.36328125,1206.482177734375,1219.5225830078125,1341.03271484375,1460.0477294921875,1190.279052734375,1260.32275390625,1307.8414306640625,1398.0125732421875,1337.453125,1349.184814453125,1702.074951171875,1320.8077392578125,1521.3485107421875,1297.302978515625,1176.595947265625,1441.87890625,1238.4481201171875,1288.47265625,1401.59228515625,1593.035400390625,1431.2821044921875,1181.1539306640625
2017-08-07 21:00:00,1556.0895184108551,702.3065435897228,1385.6378173828125,1379.550048828125,1283.5208740234375,1480.1182861328125,1554.0340576171875,1558.5943603515625,1512.4932861328125,1298.60498046875,1369.2498779296875,990.8566284179688,1500.6895751953125,1334.39111328125,1231.2794189453125,1361.9422607421875,1386.11181640625,1277.0997314453125,1182.472412109375,1346.1795654296875,1582.041748046875,1284.400146484375,1138.5670166015625,1135.6904296875,1049.58837890625,1554.626708984375,1473.869873046875,1147.98095703125,1429.6248779296875,1686.7236328125,1407.92822265625,1181.684326171875,1218.5638427734375,1319.70849609375,1443.5908203125,1240.1361083984375,1263.515869140625,1312.0252685546875,1433.50146484375,1333.257080078125,1351.17431640625,1706.6585693359375,1303.8984375,1580.0819091796875,1278.116943359375,1175.310546875,1434.33154296875,1233.815185546875,1303.9974365234375,1400.466064453125,1608.8743896484375,1419.0997314453125,1175.9444580078125
2017-08-08 00:00:00,1571.3587646484375,756.150634765625,1357.6981201171875,1450.1956787109375,1269.491455078125,1466.912109375,1586.8089599609375,1621.866943359375,1597.7509765625,1329.34326171875,1346.775146484375,974.4230346679688,1481.5390625,1329.3914794921875,1209.2408447265625,1455.727294921875,1415.677734375,1296.6436767578125,1160.6627197265625,1333.2694091796875,1625.325439453125,1284.057373046875,1122.9749755859377,1118.4560546875,1044.4100341796877,1562.988525390625,1488.4678955078125,1132.5638427734375,1386.365966796875,1682.9259033203125,1391.1876220703125,1155.11181640625,1217.1962890625,1295.0626220703125,1402.021240234375,1309.2900390625,1289.7547607421875,1314.1759033203125,1488.33203125,1323.3157958984375,1361.8109130859375,1701.7642822265625,1269.856201171875,1618.8056640625,1270.4957275390625,1172.420166015625,1416.19873046875,1227.6912841796875,1325.9395751953125,1393.190185546875,1601.0946044921875,1400.4478759765625,1193.2791748046875
2017-08-08 03:00:00,1584.1558208470667,805.5054026676961,1324.16259765625,1457.6298828125,1254.1077880859375,1448.933349609375,1603.5859375,1697.7490234375,1691.418701171875,1443.0919189453125,1326.93359375,958.4699096679688,1453.5390625,1323.471923828125,1193.57666015625,1527.4921875,1508.4134521484375,1314.5262451171875,1133.5733642578125,1320.008056640625,1672.7012939453125,1287.275634765625,1117.750732421875,1099.8670654296877,1043.3013916015623,1555.2886962890625,1513.980224609375,1115.2454833984377,1334.8426513671875,1666.1795654296875,1365.445068359375,1126.8958740234375,1216.2784423828125,1269.6514892578125,1359.1268310546875,1356.8846435546875,1354.0487060546875,1309.552001953125,1562.283203125,1306.404296875,1358.9443359375,1689.939697265625,1227.776611328125,1633.6177978515625,1269.4949951171875,1162.734619140625,1391.74560546875,1214.7108154296875,1363.9866943359375,1380.7462158203125,1587.9853515625,1377.6143798828125,1242.69970703125
2017-08-08 06:00:00,1595.1735568911895,853.8885147742807,1287.384521484375,1450.9814453125,1245.6689453125,1428.7095947265625,1617.1483154296875,1752.104736328125,1767.624267578125,1542.8533935546875,1307.162841796875,941.2708129882812,1417.4346923828125,1314.8826904296875,1186.2730712890625,1581.3284912109375,1612.0374755859375,1320.7103271484375,1104.51025390625,1321.0152587890625,1702.3892822265625,1286.8790283203125,1125.1651611328123,1082.769287109375,1054.166259765625,1526.90966796875,1536.5799560546875,1098.804931640625,1282.3624267578125,1644.2366943359375,1332.5517578125,1099.712646484375,1219.0643310546875,1244.9010009765625,1324.315673828125,1390.6781005859375,1458.43359375,1298.6214599609375,1626.5682373046875,1288.698974609375,1353.6025390625,1673.0550537109375,1196.352294921875,1634.505615234375,1258.7799072265625,1156.2406005859375,1364.960693359375,1198.7982177734375,1399.1253662109375,1367.423095703125,1573.4921875,1356.673095703125,1304.650146484375
2017-08-08 09:00:00,1604.9129459966766,901.18120637267,1250.0643310546875,1452.74853515625,1237.6505126953125,1413.41015625,1632.2418212890625,1773.328125,1816.095458984375,1578.51220703125,1289.251708984375,998.5112915039062,1378.8682861328125,1300.9217529296875,1196.63916015625,1631.893798828125,1678.8592529296875,1322.80859375,1095.667236328125,1331.4761962890625,1712.8603515625,1289.7171630859375,1139.6099853515625,1070.5286865234377,1080.707763671875,1542.893798828125,1533.64453125,1093.0693359375,1230.398681640625,1627.5491943359375,1301.815185546875,1082.9566650390623,1233.8536376953125,1222.0748291015625,1301.94140625,1461.3531494140625,1553.4793701171875,1281.2784423828125,1689.86962890625,1281.7333984375,1366.14453125,1643.7484130859375,1177.4443359375,1628.4256591796875,1238.02587890625,1151.212890625,1345.6236572265625,1178.294189453125,1402.1767578125,1358.8089599609375,1555.744384765625,1343.30224609375,1357.322021484375
2017-08-08 12:00:00,1613.8749613793964,947.2647127501547,1210.0966796875,1460.9254150390625,1218.991943359375,1392.8583984375,1637.980712890625,1763.109619140625,1844.379638671875,1594.1585693359375,1266.298828125,1076.9794921875,1347.1666259765625,1294.4332275390625,1201.3687744140625,1682.9852294921875,1709.08203125,1314.9835205078125,1125.2130126953123,1420.11376953125,1702.3057861328125,1296.384765625,1184.059814453125,1058.5068359375,1113.4892578125,1568.3238525390625,1521.8419189453125,1169.668212890625,1189.4664306640625,1616.8984375,1262.3446044921875,1073.6441650390623,1255.9813232421875,1218.31201171875,1317.18115234375,1527.861083984375,1612.304443359375,1264.1617431640625,1733.9296875,1269.622314453125,1355.2513427734375,1613.28857421875,1149.50244140625,1617.31884765625,1212.60009765625,1135.6953125,1345.0889892578125,1168.87841796875,1375.0760498046875,1342.4033203125,1528.184814453125,1324.552001953125,1408.9371337890625
2017-08-08 15:00:00,1622.5605762552195,992.0202691940264,1243.3590087890625,1467.598388671875,1202.4390869140625,1370.5255126953125,1629.283935546875,1730.7689208984375,1843.7958984375,1590.06494140625,1249.4237060546875,1117.0816650390623,1321.242431640625,1290.76513671875,1212.681640625,1715.9522705078125,1720.8267822265625,1297.3245849609375,1164.3057861328125,1624.3505859375,1699.646240234375,1303.1533203125,1231.8121337890625,1046.7664794921877,1145.378662109375,1553.4947509765625,1527.4412841796875,1285.202880859375,1175.2818603515625,1614.505126953125,1238.3585205078125,1065.3106689453123,1290.4849853515625,1232.770263671875,1385.1505126953125,1590.8887939453125,1644.647216796875,1250.1365966796875,1737.4677734375,1267.020263671875,1346.0537109375,1584.6917724609375,1135.8897705078125,1607.510009765625,1195.6173095703125,1127.66259765625,1364.6761474609375,1163.3262939453125,1351.9664306640625,1329.42236328125,1507.1090087890625,1307.326904296875,1460.072998046875
2017-08-08 18:00:00,1631.4707638400146,1035.3291109915765,1352.1666259765625,1470.434814453125,1198.485107421875,1359.399658203125,1628.2640380859375,1695.225341796875,1870.549072265625,1581.086181640625,1241.6282958984375,1192.3048095703125,1296.4046630859375,1288.496826171875,1227.399169921875,1739.346435546875,1723.587890625,1302.997314453125,1182.2940673828125,1781.41455078125,1696.68896484375,1308.168701171875,1250.6534423828125,1041.321044921875,1179.3526611328125,1537.373291015625,1574.1934814453125,1337.530517578125,1166.5889892578125,1612.880859375,1230.44189453125,1069.5364990234377,1333.7818603515625,1243.9075927734375,1459.111572265625,1704.8306884765625,1656.8145751953125,1233.5340576171875,1733.8726806640625,1270.3994140625,1348.6173095703125,1559.59375,1157.5843505859375,1595.13818359375,1188.652099609375,1129.574462890625,1381.8150634765625,1163.6912841796875,1342.24365234375,1341.241943359375,1486.453369140625,1291.4285888671875,1510.863037109375
2017-08-08 21:00:00,1641.1064973496518,1077.0724734300954,1423.9169921875,1467.356689453125,1210.439208984375,1349.652587890625,1639.1092529296875,1654.9586181640625,1913.06005859375,1570.1881103515625,1238.45947265625,1279.390380859375,1282.003662109375,1288.06103515625,1234.2657470703125,1757.4666748046875,1712.039306640625,1330.13232421875,1251.9906005859375,1869.8885498046875,1694.2012939453125,1315.8885498046875,1274.54931640625,1044.5230712890623,1221.875244140625,1516.36767578125,1664.6953125,1372.114501953125,1170.5047607421875,1602.59765625,1245.6124267578125,1074.318603515625,1372.208984375,1254.380615234375,1533.5821533203125,1838.9488525390625,1655.1185302734375,1217.2767333984375,1723.148193359375,1269.764404296875,1350.1234130859375,1528.6337890625,1185.4093017578125,1589.24267578125,1192.185546875,1135.983642578125,1391.7432861328125,1166.6507568359375,1338.631103515625,1369.452392578125,1459.1126708984375,1272.019775390625,1559.602294921875
2017-08-09 00:00:00,1651.96875,1117.131591796875,1479.4046630859375,1457.683837890625,1223.5738525390625,1332.127197265625,1647.1751708984375,1608.89990234375,1935.772216796875,1546.2744140625,1230.0235595703125,1341.603759765625,1266.8851318359375,1278.6749267578125,1234.1241455078125,1766.1561279296875,1690.4783935546875,1359.5751953125,1385.6142578125,2000.256591796875,1685.747314453125,1329.8160400390625,1295.861572265625,1062.2271728515623,1255.2088623046875,1487.346923828125,1767.6031494140625,1382.9012451171875,1180.3980712890625,1580.483642578125,1252.9412841796875,1080.931884765625,1396.7501220703125,1260.2276611328125,1590.0379638671875,1960.4342041015625,1652.774169921875,1203.0921630859375,1695.777099609375,1261.42919921875,1344.9315185546875,1492.060546875,1228.443603515625,1590.2005615234375,1202.2584228515625,1143.271728515625,1387.5008544921875,1160.7965087890625,1334.792236328125,1392.04443359375,1423.510009765625,1251.606201171875,1601.837646484375
2017-08-09 03:00:00,1663.292740141786,1156.0705354504773,1538.09130859375,1440.0238037109375,1219.7840576171875,1309.673828125,1639.8795166015625,1561.392578125,1932.8294677734373,1503.5888671875,1232.9169921875,1386.9881591796875,1257.7989501953125,1257.131103515625,1231.6514892578125,1765.6900634765625,1673.6475830078125,1405.4151611328125,1497.1671142578125,2189.1455078125,1663.0181884765625,1354.8306884765625,1308.552978515625,1085.212890625,1280.7760009765625,1453.9384765625,1886.7908935546875,1378.542236328125,1188.4716796875,1550.7149658203125,1233.115966796875,1092.39306640625,1408.4427490234375,1260.9642333984375,1625.6937255859375,2092.69091796875,1639.617919921875,1192.8946533203125,1678.122802734375,1245.828857421875,1332.7664794921875,1453.8021240234375,1273.7254638671875,1576.4188232421875,1217.086669921875,1150.6392822265625,1376.8211669921875,1145.6527099609375,1332.4422607421875,1404.1385498046875,1381.716796875,1230.5421142578125,1643.1171875
2017-08-09 06:00:00,1674.3147679456408,1194.3430332605105,1583.3740234375,1415.3631591796875,1216.6737060546875,1289.0928955078125,1629.1512451171875,1519.65673828125,1909.9664306640625,1459.202880859375,1237.3099365234375,1413.382568359375,1266.9898681640625,1243.33984375,1241.63525390625,1757.2823486328125,1656.4468994140625,1465.6385498046875,1564.042724609375,2385.1953125,1631.6627197265625,1379.373291015625,1310.3240966796875,1102.5430908203123,1302.125,1421.4022216796875,2016.58349609375,1366.136474609375,1191.1796875,1517.5015869140625,1215.7945556640625,1108.2374267578123,1411.1004638671875,1262.6240234375,1648.8594970703125,2356.330322265625,1606.239013671875,1185.5474853515625,1709.469482421875,1231.87353515625,1320.4207763671875,1421.360107421875,1321.9903564453125,1548.36328125,1234.3271484375,1159.148193359375,1364.339111328125,1134.9091796875,1332.662841796875,1414.73828125,1342.163818359375,1210.52490234375,1689.4671630859375
2017-08-09 09:00:00,1685.5374293572886,1231.6648097808334,1617.4862060546875,1404.1038818359375,1226.4591064453125,1275.4466552734375,1650.033203125,1576.639892578125,1882.609619140625,1415.041259765625,1235.6002197265625,1425.1224365234375,1277.4100341796875,1246.105712890625,1301.558349609375,1742.50390625,1622.8582763671875,1517.503662109375,1638.42919921875,2518.581787109375,1594.740234375,1396.0318603515625,1312.9532470703125,1123.46044921875,1321.7501220703125,1395.3125,2073.367431640625,1351.84326171875,1232.068115234375,1486.0235595703125,1200.1630859375,1136.0321044921875,1405.0528564453125,1292.0001220703125,1658.1961669921875,2694.681640625,1570.5853271484375,1182.7230224609375,1774.274658203125,1217.0455322265625,1317.05517578125,1401.166015625,1373.669189453125,1519.96484375,1258.617919921875,1166.71826171875,1352.4669189453125,1140.9091796875,1333.173095703125,1433.042236328125,1307.5147705078125,1194.9635009765625,1724.2181396484375
2017-08-09 12:00:00,1697.463320322455,1267.751589565306,1631.0294189453125,1386.4466552734375,1227.10302734375,1273.1099853515625,1678.8099365234375,1678.107666015625,1853.4949951171875,1373.2391357421875,1227.017333984375,1434.047607421875,1279.2366943359375,1256.0750732421875,1376.8128662109375,1721.623779296875,1577.21630859375,1554.3809814453125,1704.0836181640625,2694.045654296875,1592.5628662109375,1401.4599609375,1320.2723388671875,1141.966552734375,1358.0006103515625,1367.75048828125,2114.216064453125,1339.74169921875,1278.732421875,1451.106201171875,1182.913818359375,1181.087646484375,1391.637451171875,1322.35302734375,1657.7374267578125,2826.439697265625,1545.45654296875,1180.103759765625,1879.3765869140625,1200.7088623046875,1312.6348876953125,1382.9112548828125,1402.5911865234375,1493.2259521484375,1334.71240234375,1171.304931640625,1342.682373046875,1169.71923828125,1333.1912841796875,1447.8123779296875,1268.7701416015625,1186.8890380859375,1752.9482421875
2017-08-09 15:00:00,1710.5950367868656,1302.3190971677868,1639.6778564453125,1340.900146484375,1232.2386474609375,1270.0084228515625,1667.1531982421875,1692.649658203125,1832.4520263671875,1339.8333740234375,1225.5211181640625,1459.4410400390625,1281.114990234375,1264.9954833984375,1374.844482421875,1697.4127197265625,1532.79150390625,1572.9427490234375,1743.3348388671875,2939.996826171875,1628.5665283203125,1412.96923828125,1328.204345703125,1179.748779296875,1398.7249755859375,1344.791748046875,2142.245361328125,1337.560546875,1279.9613037109375,1434.14453125,1165.5777587890625,1224.67236328125,1378.26025390625,1370.7384033203125,1649.0054931640625,2857.5244140625,1536.0030517578125,1168.7735595703125,1929.596435546875,1189.1492919921875,1303.5787353515625,1375.1845703125,1443.8677978515625,1500.734130859375,1416.2247314453125,1176.9188232421875,1337.7130126953125,1338.84130859375,1334.4375,1478.7802734375,1240.7335205078125,1171.168212890625,1832.385986328125
2017-08-09 18:00:00,1725.4351746962452,1335.0830571421359,1649.7681884765625,1294.7537841796875,1262.468017578125,1260.7060546875,1690.60791015625,1662.7374267578125,1836.9202880859373,1307.914306640625,1236.220947265625,1493.1962890625,1280.6295166015625,1287.6971435546875,1335.8514404296875,1673.7943115234375,1511.0631103515625,1576.01806640625,1769.2647705078125,3097.396240234375,1676.566162109375,1422.943603515625,1341.4010009765625,1229.860107421875,1420.873779296875,1329.1651611328125,2097.238037109375,1342.6429443359375,1280.2012939453125,1427.9805908203125,1152.0848388671875,1251.9833984375,1363.1116943359375,1431.24560546875,1640.5887451171875,2928.831298828125,1531.9510498046875,1154.8692626953125,1871.7041015625,1184.304931640625,1298.169921875,1371.6141357421875,1511.725341796875,1521.4359130859375,1429.1827392578125,1178.462890625,1331.32275390625,1638.261474609375,1331.8603515625,1544.94580078125,1228.9356689453125,1155.633056640625,1942.11572265625
2017-08-09 21:00:00,1742.486329996319,1365.7591940422121,1667.8353271484375,1248.4859619140625,1295.378173828125,1249.8173828125,1724.64453125,1618.1287841796875,1881.7598876953125,1276.093017578125,1250.4085693359375,1525.8985595703125,1275.62841796875,1310.18896484375,1318.32568359375,1643.7122802734375,1509.983642578125,1564.1103515625,1785.4169921875,3359.617431640625,1705.1751708984375,1456.81640625,1351.8184814453125,1272.213134765625,1434.3663330078125,1316.4725341796875,2035.9288330078125,1347.488037109375,1276.3145751953125,1417.5240478515625,1171.390380859375,1260.386474609375,1343.704345703125,1474.3638916015625,1630.533935546875,2988.58984375,1540.56396484375,1138.860107421875,1837.3389892578125,1181.0267333984375,1293.725341796875,1362.54541015625,1587.6669921875,1530.6048583984375,1468.079345703125,1185.1865234375,1323.2110595703125,1810.9979248046875,1327.8682861328125,1604.8653564453125,1219.86865234375,1142.248046875,2039.9571533203125
2017-08-10 00:00:00,1762.2510986328125,1394.063232421875,1684.5469970703125,1202.1248779296875,1310.2508544921875,1237.542724609375,1751.2039794921875,1568.7303466796875,2008.5262451171875,1242.2073974609375,1262.4122314453125,1551.3848876953125,1271.05078125,1319.0762939453125,1303.394287109375,1606.803955078125,1504.0244140625,1538.2744140625,1787.095947265625,3590.38720703125,1698.4688720703125,1639.56640625,1357.8284912109375,1298.34716796875,1437.4124755859375,1301.181884765625,1963.421142578125,1346.0516357421875,1272.0860595703125,1402.141357421875,1212.1494140625,1289.1043701171875,1315.730224609375,1518.175048828125,1619.3798828125,3010.224365234375,1559.1939697265625,1116.6015625,1825.56201171875,1175.7091064453125,1289.865234375,1346.5867919921875,1649.8460693359375,1523.8251953125,1564.14990234375,1185.0882568359375,1310.1014404296875,1899.9202880859373,1321.675537109375,1636.553955078125,1205.192626953125,1127.26220703125,2230.9970703125
2017-08-10 06:00:00,1832.8788467905224,1446.9716535439209,1684.7833251953125,1160.498779296875,1315.7777099609375,1225.0343017578125,1760.0670166015625,1526.6810302734375,2080.477783203125,1209.927001953125,1260.2159423828125,1565.685302734375,1265.8814697265625,1325.9306640625,1286.5264892578125,1565.81201171875,1504.88916015625,1502.2548828125,1765.7967529296875,3564.15478515625,1692.03173828125,1694.830810546875,1362.75732421875,1315.2781982421875,1433.1259765625,1283.630126953125,1886.0548095703125,1337.7333984375,1270.7005615234375,1376.9786376953125,1216.0277099609375,1351.8551025390625,1283.25927734375,1552.3326416015625,1606.1724853515625,2990.54736328125,1556.4200439453125,1092.8076171875,1839.753173828125,1164.1334228515625,1285.1707763671875,1327.689697265625,1721.16455078125,1505.461669921875,1676.1317138671875,1166.0751953125,1295.376220703125,1968.5423583984373,1315.60009765625,1670.028076171875,1189.986083984375,1109.64599609375,2456.204833984375
2017-08-10 12:00:00,1939.1608338180395,1495.8805218247269,1655.3140869140625,1083.083740234375,1328.970458984375,1201.5404052734375,1744.6849365234375,1468.42724609375,2230.127685546875,1182.0916748046875,1247.1396484375,1571.3909912109375,1280.4510498046875,1335.1956787109375,1262.684814453125,1477.7275390625,1527.8736572265625,1417.5435791015625,1719.20556640625,3456.700927734375,1720.656005859375,1763.1829833984375,1370.6942138671875,1318.189208984375,1418.1136474609375,1260.833251953125,1720.7193603515625,1315.6751708984375,1272.5032958984375,1369.807373046875,1316.849365234375,1545.9598388671875,1219.5406494140625,1591.793212890625,1571.5361328125,2917.053466796875,1569.656005859375,1054.6307373046877,1854.7474365234373,1173.623291015625,1280.4906005859375,1314.3983154296875,1860.4434814453125,1477.4044189453125,1842.9547119140625,1122.26611328125,1263.0748291015625,2068.51220703125,1287.665771484375,1740.4063720703125,1177.0341796875,1074.93017578125,2731.028564453125
2017-08-10 18:00:00,2050.429817266615,1538.2046284607475,1604.5692138671875,1017.7678833007812,1332.4093017578125,1182.4923095703125,1697.01318359375,1450.0006103515625,2330.1142578125,1206.6746826171875,1285.973388671875,1546.4884033203125,1491.4794921875,1334.610595703125,1362.0262451171875,1388.2322998046875,1543.1502685546875,1330.389892578125,1697.1973876953125,3211.11669921875,1773.9481201171875,1809.9818115234373,1364.542724609375,1298.9791259765625,1390.9573974609375,1280.3084716796875,1563.1611328125,1292.309814453125,1270.2403564453125,1490.1259765625,1499.68603515625,1797.263916015625,1184.9921875,1591.9595947265625,1538.2786865234375,2805.987548828125,1586.874267578125,1044.9835205078123,1893.0638427734373,1196.1087646484375,1285.94677734375,1286.38916015625,1918.758544921875,1441.29541015625,1913.661376953125,1071.56103515625,1243.554931640625,2098.23193359375,1255.3460693359375,1795.3282470703125,1186.747802734375,1051.0775146484377,2756.162109375
2017-08-11 00:00:00,2136.0185546875,1571.3587646484375,1576.9500732421875,959.5848999023438,1316.20849609375,1163.2200927734375,1625.284423828125,1430.5797119140625,2322.404296875,1242.564697265625,1401.2056884765625,1502.5135498046875,1811.7392578125,1328.218017578125,1593.2874755859375,1301.3511962890625,1614.264892578125,1257.802001953125,1702.6614990234375,2891.7841796875,1895.147705078125,1860.409912109375,1363.7935791015625,1301.2655029296875,1345.5546875,1378.5048828125,1417.470947265625,1275.513671875,1248.4544677734375,1582.9661865234375,1734.551025390625,2132.4482421875,1162.0743408203125,1580.8526611328125,1501.610595703125,2689.128173828125,1556.0340576171875,1074.45947265625,1875.357177734375,1184.81787109375,1294.615234375,1238.769287109375,1886.53125,1389.71533203125,1938.9710693359373,1036.044677734375,1234.9078369140625,2088.166015625,1219.9278564453125,1850.0118408203125,1190.23583984375,1063.4053955078123,2673.381103515625
2017-08-11 06:00:00,2196.009318106204,1595.1735568911895,1567.9951171875,903.6311645507812,1280.966552734375,1129.000732421875,1533.9033203125,1395.3741455078125,2221.28515625,1258.002197265625,1480.2325439453125,1454.853759765625,2008.5283203125,1285.9119873046875,1767.1224365234375,1222.4315185546875,1711.470458984375,1236.6685791015625,1713.230712890625,2556.4306640625,2072.48974609375,1886.0047607421875,1337.34228515625,1286.4757080078125,1286.05908203125,1557.447998046875,1286.009765625,1240.198974609375,1204.832275390625,1574.614013671875,1862.3636474609373,2433.34423828125,1147.7569580078125,1561.6446533203125,1447.5736083984375,2562.38525390625,1479.11083984375,1114.2603759765623,1777.64306640625,1157.900146484375,1282.125732421875,1191.154541015625,1813.4676513671875,1330.652587890625,1949.9171142578125,1015.2218017578124,1215.8917236328125,2018.9820556640625,1175.3240966796875,1924.4637451171875,1169.38134765625,1130.5828857421875,2509.395751953125
2017-08-11 12:00:00,2249.128388422889,1613.8749613793964,1585.14892578125,857.5581665039062,1250.32177734375,1092.9954833984377,1436.4940185546875,1365.81201171875,2073.349609375,1257.7432861328125,1562.781982421875,1413.5389404296875,2183.013916015625,1224.338134765625,1824.718017578125,1152.148193359375,1863.2191162109373,1308.5064697265625,1722.3961181640625,2262.973876953125,2239.3349609375,1876.1993408203125,1300.7271728515625,1268.040283203125,1232.3499755859375,1770.3631591796875,1178.42529296875,1220.880859375,1162.2059326171875,1603.8065185546875,1872.9639892578125,2589.035400390625,1168.14013671875,1523.6922607421875,1400.088623046875,2433.52099609375,1396.005859375,1155.9017333984375,1661.15771484375,1135.0526123046875,1276.8328857421875,1143.1837158203125,1722.9114990234375,1300.496826171875,1922.90478515625,1014.41650390625,1184.10400390625,1902.5262451171875,1137.1639404296875,2079.53271484375,1140.9825439453125,1222.440673828125,2319.101318359375
2017-08-11 18:00:00,2292.6745365007864,1631.4707638400146,1608.2747802734375,825.97412109375,1221.47021484375,1071.003662109375,1344.1904296875,1333.359375,1917.446044921875,1307.5709228515625,1603.76318359375,1375.6051025390625,2292.316650390625,1165.607177734375,1827.2626953125,1093.4219970703123,2113.724609375,1395.8255615234375,1721.62841796875,2055.6220703125,2347.067138671875,1825.4385986328125,1256.047119140625,1261.40283203125,1182.0120849609375,1903.0733642578125,1095.2391357421877,1232.7791748046875,1131.7353515625,1736.111572265625,1836.5693359375,2664.076904296875,1276.60595703125,1471.585693359375,1353.604248046875,2348.914306640625,1322.0672607421875,1181.2850341796875,1556.0035400390625,1117.977294921875,1283.2421875,1103.3887939453123,1628.740234375,1335.1513671875,1849.0382080078125,1024.3419189453123,1155.97998046875,1784.4222412109375,1102.6331787109377,2209.81396484375,1115.2266845703123,1319.9736328125,2132.785400390625
2017-08-12 00:00:00,2323.946533203125,1651.96875,1634.4539794921875,807.8718872070312,1186.538330078125,1076.814208984375,1261.7662353515625,1285.6571044921875,1754.337890625,1397.2010498046875,1599.0733642578125,1342.6676025390625,2331.17724609375,1106.6646728515623,1847.8206787109373,1041.0177001953123,2345.494384765625,1464.2139892578125,1695.5692138671875,1881.256591796875,2370.2783203125,1738.427734375,1206.7021484375,1253.8905029296875,1122.8067626953123,1917.8214111328125,1025.228515625,1305.18212890625,1104.19287109375,1889.5196533203125,1753.98681640625,2664.487060546875,1524.5111083984375,1411.9815673828125,1291.4405517578125,2333.38671875,1262.8441162109375,1169.3773193359375,1471.1695556640625,1098.7481689453123,1289.7308349609375,1076.889404296875,1546.9576416015625,1332.7620849609375,1743.7908935546875,1031.0472412109377,1153.970947265625,1697.7266845703125,1065.08935546875,2269.44580078125,1087.2244873046877,1497.350341796875,1954.7930908203125
2017-08-12 06:00:00,2347.7838291114513,1674.3147679456408,1646.7958984375,800.0720825195312,1140.974853515625,1077.90234375,1187.9210205078125,1223.034423828125,1590.3243408203125,1417.507568359375,1560.619873046875,1296.4605712890625,2282.09619140625,1044.8472900390623,1854.92041015625,991.329345703125,2450.94482421875,1474.50537109375,1623.17431640625,1705.436767578125,2380.761474609375,1623.1934814453125,1147.290771484375,1230.406494140625,1054.6251220703123,1835.7467041015625,963.4716186523438,1326.310791015625,1064.07763671875,1995.836181640625,1638.0625,2587.249755859375,1912.38232421875,1347.871337890625,1213.1943359375,2344.33154296875,1213.5328369140625,1122.8529052734377,1371.4976806640625,1074.2503662109377,1309.325439453125,1044.7158203125,1465.9368896484375,1263.294189453125,1615.9466552734375,1024.3284912109377,1158.6591796875,1639.7642822265625,1022.3220825195312,2251.9775390625,1051.645263671875,1642.8212890625,1787.0440673828125
2017-08-12 12:00:00,2368.7210154167765,1697.463320322455,1630.8543701171875,797.9940185546875,1103.99560546875,1082.135009765625,1125.8621826171877,1156.0155029296875,1476.1630859375,1410.7237548828125,1499.0157470703125,1250.0712890625,2142.724609375,986.88525390625,1864.7574462890625,948.0210571289062,2463.406494140625,1472.9947509765625,1538.234375,1564.24072265625,2402.783935546875,1505.45263671875,1103.0938720703123,1207.5718994140625,1000.8705444335938,1701.2464599609375,936.7737426757812,1284.818115234375,1029.52783203125,2101.17236328125,1609.7327880859375,2432.895751953125,2213.921630859375,1291.176513671875,1146.9630126953125,2346.65087890625,1187.0738525390625,1071.51513671875,1275.5701904296875,1063.2196044921877,1352.46728515625,1018.7733764648438,1405.11376953125,1199.3809814453125,1488.516845703125,1008.3865356445312,1180.993408203125,1568.1563720703125,986.557373046875,2190.356689453125,1016.1264038085938,1741.0335693359375,1636.671142578125
2017-08-12 18:00:00,2383.5995738965257,1725.4351746962452,1598.4053955078125,804.55029296875,1082.8294677734377,1093.210693359375,1071.2880859375,1138.06494140625,1412.1358642578125,1441.4393310546875,1558.5816650390625,1295.4918212890625,1947.177001953125,938.46630859375,2039.11669921875,907.8438110351562,2374.857666015625,1464.74560546875,1454.12109375,1457.0211181640625,2421.916259765625,1405.72119140625,1077.37060546875,1194.0318603515625,1054.96044921875,1559.43603515625,978.9168701171876,1237.8023681640625,1004.2093505859376,2155.614990234375,1658.5322265625,2273.280517578125,2225.740478515625,1245.6905517578125,1098.895751953125,2308.295654296875,1173.46240234375,1040.79541015625,1197.3116455078125,1058.1788330078123,1379.5465087890625,1009.25927734375,1399.9102783203125,1156.8280029296875,1374.361572265625,989.8619995117188,1204.638671875,1519.3660888671875,957.2052001953124,2288.302978515625,988.8727416992188,1853.7276611328125,1504.665771484375
2017-08-13 00:00:00,2389.260986328125,1762.2510986328125,1560.2760009765625,816.0535888671875,1062.751708984375,1138.1824951171875,1018.6336669921876,1122.2601318359377,1372.1741943359375,1501.4600830078125,1596.98583984375,1468.46484375,1734.055419921875,907.9940795898438,2351.3984375,871.5904541015625,2238.05322265625,1458.81787109375,1379.045654296875,1384.638671875,2440.768310546875,1322.291748046875,1055.90576171875,1187.82080078125,1229.3487548828125,1440.30908203125,1118.558837890625,1171.242431640625,982.5739135742188,2119.726318359375,1744.5076904296875,2098.3984375,2089.665283203125,1223.94921875,1058.580322265625,2246.383544921875,1151.5162353515625,1125.535400390625,1139.64013671875,1043.62353515625,1381.11181640625,1006.418212890625,1436.1416015625,1120.14599609375,1277.0703125,961.310791015625,1237.63623046875,1489.38525390625,929.5182495117188,2393.5693359375,963.77392578125,1872.465576171875,1384.658203125
2017-08-13 06:00:00,2382.917757542491,1832.8788467905224,1509.05810546875,816.5493774414062,1034.639404296875,1208.29736328125,964.8546752929688,1070.53564453125,1326.4608154296875,1566.4462890625,1464.87451171875,1655.1644287109375,1525.9659423828125,871.0803833007812,2501.8271484375,839.2675170898438,2059.69580078125,1442.6551513671875,1310.94775390625,1322.157470703125,2417.659912109375,1247.03662109375,1030.385986328125,1175.4925537109375,1386.9632568359375,1343.5537109375,1272.6090087890625,1097.3167724609377,948.6785888671876,2008.189697265625,1804.5360107421875,1919.1163330078125,1920.314453125,1213.934326171875,1029.9229736328123,2165.25048828125,1116.27978515625,1205.6590576171875,1099.049560546875,1018.6221923828124,1353.95166015625,989.6964721679688,1420.391357421875,1073.0042724609377,1194.1639404296875,920.8128051757812,1299.894287109375,1440.846923828125,897.2305297851562,2311.2705078125,934.6957397460938,1855.6104736328125,1270.89111328125
2017-08-13 12:00:00,2367.196112398465,1939.1608338180395,1443.9842529296875,812.9778442382812,999.963134765625,1284.6485595703125,916.1754760742188,1029.69775390625,1266.0479736328125,1576.28466796875,1333.4063720703125,1846.6470947265625,1344.646484375,836.3034057617188,2487.34033203125,812.10302734375,1852.1947021484373,1494.55810546875,1247.3397216796875,1274.087646484375,2349.537109375,1194.3365478515625,1035.8673095703123,1232.670654296875,1503.6314697265625,1265.4962158203125,1367.6983642578125,1037.6473388671877,925.0485229492188,1878.4874267578125,1819.15234375,1740.90185546875,1790.1187744140625,1251.9617919921875,990.7461547851562,2068.832275390625,1075.399169921875,1254.3837890625,1072.47265625,1007.7908325195312,1308.26513671875,970.7986450195312,1344.4725341796875,1022.3511352539062,1134.081298828125,882.8468627929688,1322.7427978515625,1382.5025634765625,872.1570434570312,2153.847412109375,907.39697265625,1823.973876953125,1166.6087646484375
2017-08-13 18:00:00,2347.0581127153628,2050.429817266615,1371.900634765625,814.3455200195312,961.8321533203124,1365.922119140625,873.3963012695312,990.2515258789062,1198.9559326171875,1561.2447509765625,1313.0113525390625,2093.26904296875,1195.64501953125,842.606201171875,2525.721435546875,790.3189697265625,1667.3953857421875,1592.22021484375,1187.7569580078125,1237.0443115234375,2321.265869140625,1153.7730712890625,1166.0771484375,1328.7562255859375,1534.23876953125,1210.8980712890625,1457.0064697265625,998.2327270507812,915.3697509765624,1764.9176025390625,1761.542236328125,1575.717041015625,1661.2191162109375,1318.4532470703125,949.089599609375,1965.78173828125,1031.8455810546877,1359.8492431640625,1051.854736328125,1040.892333984375,1243.7313232421875,948.4387817382812,1306.1148681640625,969.0181884765624,1089.52294921875,852.0668334960938,1344.7421875,1323.212158203125,851.0768432617188,1957.4444580078125,883.2357177734375,1783.9307861328125,1088.43896484375
2017-08-14 00:00:00,2327.4658203125,2136.0185546875,1299.33203125,815.631591796875,920.3082275390624,1440.9097900390625,831.1226806640625,958.245361328125,1132.7950439453125,1521.548095703125,1336.62451171875,2431.363037109375,1072.2418212890623,891.8846435546875,2813.3076171875,769.3192138671875,1496.352783203125,1769.8734130859375,1125.3671875,1195.646728515625,2390.23828125,1122.4744873046877,1502.819580078125,1390.4561767578125,1508.8743896484375,1165.086669921875,1581.6083984375,957.1217041015624,899.2753295898438,1666.6209716796875,1660.4903564453125,1428.4927978515625,1511.2100830078125,1401.852783203125,905.48046875,1855.21875,985.8792724609376,1621.1763916015625,1029.6943359375,1124.9310302734377,1169.115966796875,925.1754760742188,1366.665283203125,917.3432006835938,1046.247314453125,831.0501098632812,1349.5296630859375,1260.16748046875,829.360595703125,1777.327880859375,855.7334594726562,1750.2138671875,1058.792724609375
2017-08-14 06:00:00,2309.967532802828,2196.009318106204,1227.9554443359375,821.8417358398438,875.4376831054688,1486.7642822265625,790.5335083007812,926.9425048828124,1068.18798828125,1475.7255859375,1319.343505859375,2625.34619140625,972.0714721679688,913.8773803710938,3115.066650390625,748.40869140625,1336.2138671875,2034.296630859375,1060.5667724609377,1138.2421875,2431.896728515625,1081.103759765625,1884.9947509765625,1386.0062255859375,1462.6153564453125,1116.4622802734377,1699.421630859375,912.246826171875,874.5223999023438,1570.2596435546875,1544.4063720703125,1296.4859619140625,1383.7841796875,1429.59521484375,857.8584594726562,1738.883056640625,938.2623901367188,2106.308837890625,997.41015625,1205.3382568359375,1101.537109375,893.4524536132812,1421.5723876953125,869.9786987304688,999.3333129882812,805.7371826171875,1313.2620849609375,1193.6829833984375,803.1747436523438,1620.989013671875,824.270751953125,1719.3634033203125,1032.353515625
2017-08-14 12:00:00,2291.5942401682737,2249.128388422889,1158.7025146484375,871.8795166015625,836.2114868164062,1481.951416015625,758.9359741210938,897.3108520507812,1009.809326171875,1432.465576171875,1357.5234375,2560.568603515625,894.0848388671875,974.9022216796876,3144.3359375,730.5055541992188,1206.880615234375,2224.850341796875,1075.3248291015623,1080.9908447265623,2435.91162109375,1038.6114501953123,2106.536865234375,1332.3173828125,1401.4620361328125,1084.5107421875,1845.825439453125,880.0115356445312,856.6801147460938,1491.5684814453125,1434.76416015625,1181.7637939453125,1286.442626953125,1453.6263427734375,818.3837890625,1622.2984619140625,896.73388671875,2497.638427734375,959.957275390625,1253.9525146484375,1046.900146484375,857.6340942382812,1452.06298828125,828.2454833984375,956.43994140625,770.4846801757812,1273.0244140625,1143.517578125,778.1629638671875,1488.4215087890625,799.482177734375,1697.287841796875,1012.6961059570312
2017-08-14 18:00:00,2270.532042781614,2292.6745365007864,1092.3900146484377,931.2052612304688,818.551025390625,1466.8267822265625,751.3948364257812,880.4911499023438,958.477783203125,1377.915283203125,1522.2486572265625,2456.281494140625,831.281982421875,1083.3414306640623,3027.756591796875,712.9630126953125,1108.5723876953123,2411.04833984375,1209.4541015625,1038.357666015625,2602.00146484375,1017.5719604492188,2134.940185546875,1271.2000732421875,1322.123291015625,1080.2972412109377,2107.380859375,854.58154296875,843.2344970703125,1434.961181640625,1331.61865234375,1084.555419921875,1217.7314453125,1499.8721923828125,784.5253295898438,1509.4833984375,861.2308349609375,2605.091796875,923.40185546875,1282.6241455078125,1002.2264404296876,838.8517456054688,1457.747314453125,791.9775390625,925.3355102539062,738.801025390625,1238.5902099609375,1097.30810546875,761.6866455078125,1376.702392578125,783.0873413085938,1678.875,997.8497314453124
2017-08-15 00:00:00,2244.967041015625,2323.946533203125,1027.97802734375,976.5943603515624,797.4448852539062,1426.658447265625,749.05859375,878.7680053710938,911.2057495117188,1306.841064453125,2022.0186767578125,2288.814697265625,779.1930541992188,1247.7918701171875,2816.888671875,692.501708984375,1029.6007080078123,2533.716796875,1435.711669921875,1005.4153442382812,2963.31103515625,1035.1829833984377,2062.88916015625,1203.8170166015625,1237.524658203125,1073.952392578125,2365.714599609375,837.5650024414062,834.3482666015625,1401.9921875,1233.52978515625,1003.1370239257812,1161.921630859375,1507.96240234375,750.4951782226562,1401.44580078125,829.4259033203125,2594.51708984375,885.3675537109375,1312.9041748046875,962.0986328125,829.57421875,1422.1055908203125,757.060791015625,903.1847534179688,759.1712036132812,1201.4349365234375,1039.9478759765623,743.580810546875,1279.187255859375,763.761962890625,1652.227783203125,979.5750122070312
2017-08-15 06:00:00,2208.772233932132,2347.7838291114513,967.052978515625,989.5451049804688,757.1809692382812,1339.9923095703125,746.407470703125,885.0870361328125,865.6522216796875,1216.908935546875,2464.4150390625,2075.931884765625,734.1725463867188,1348.7537841796875,2555.44580078125,671.4067993164062,963.8530883789062,2531.313720703125,1676.59716796875,981.4730834960938,3090.777587890625,1059.6905517578123,1921.244384765625,1139.3070068359375,1154.18896484375,1036.5814208984377,2437.70068359375,825.5663452148438,826.54052734375,1348.2529296875,1145.22900390625,937.96044921875,1114.2786865234377,1445.529541015625,721.4865112304688,1301.217041015625,797.3818969726562,2528.2431640625,843.5900268554688,1313.106689453125,924.890869140625,823.0233764648438,1352.90869140625,724.3110961914062,884.9935302734375,761.2320556640625,1146.0625,975.9420166015624,720.1414794921875,1191.751953125,743.43212890625,1620.045654296875,950.884765625
2017-08-15 12:00:00,2161.637350762392,2368.7210154167765,911.5968627929688,972.3648071289062,741.5147705078125,1276.7620849609375,789.89892578125,894.2618408203125,928.8549194335938,1123.4066162109377,2494.13818359375,1842.566650390625,696.0371704101562,1369.9130859375,2289.025146484375,665.97265625,908.5653686523438,2429.981689453125,1801.50341796875,965.7687377929688,2912.978515625,1079.5916748046877,1756.4044189453125,1120.896240234375,1083.7879638671877,1001.828857421875,2407.3798828125,823.7824096679688,817.7548828125,1288.1580810546875,1094.9254150390623,892.0921630859375,1093.2545166015623,1374.6611328125,706.0281372070312,1212.302001953125,768.57861328125,2339.541259765625,803.3665771484375,1289.0040283203125,893.9202270507812,817.2338256835938,1267.4927978515625,700.7891845703125,876.1983032226562,734.4804077148438,1087.22900390625,923.6930541992188,712.8287963867188,1111.3399658203123,729.7595825195312,1595.9879150390625,917.1848754882812
2017-08-15 18:00:00,2110.4735871333305,2383.5995738965257,875.42578125,935.6282958984376,772.822998046875,1239.319091796875,849.3826904296875,900.2684936523438,1173.74951171875,1037.17333984375,2374.537353515625,1630.84619140625,671.4510498046875,1354.90869140625,2045.565185546875,667.8353271484375,862.6652221679688,2295.058837890625,1809.5797119140625,947.465576171875,2644.8603515625,1123.2652587890623,1615.040283203125,1153.27099609375,1046.202392578125,1024.729736328125,2299.819091796875,826.963134765625,799.8348999023438,1228.1737060546875,1086.69970703125,858.3009643554688,1094.243896484375,1315.5069580078125,699.117919921875,1136.7119140625,759.1071166992188,2056.31396484375,765.2845458984375,1258.6170654296875,865.32763671875,819.9033813476562,1194.99658203125,685.676025390625,876.87744140625,735.8668823242188,1053.3123779296877,886.3151245117188,723.7720947265625,1037.7210693359377,719.19091796875,1557.1158447265625,883.1318969726562
2017-08-16 00:00:00,2062.192138671875,2389.260986328125,864.9645385742188,891.7021484375,809.5313110351562,1239.316162109375,1021.662353515625,893.932373046875,1505.6417236328125,958.3370971679688,2152.907470703125,1466.6668701171875,655.935791015625,1328.1038818359375,1831.8515625,663.0336303710938,822.2828369140625,2188.09521484375,1780.8004150390625,921.97412109375,2394.577392578125,1204.699951171875,1601.4923095703125,1242.181884765625,1057.20361328125,1018.5913696289062,2095.176513671875,821.9900512695312,769.1847534179688,1163.53271484375,1099.54345703125,833.0769653320312,1095.9405517578123,1281.37158203125,688.9898681640625,1068.2408447265623,886.7556762695312,1819.4293212890625,729.0682373046875,1223.3753662109375,832.1511840820312,826.7252807617188,1162.627685546875,671.0114135742188,876.7930297851562,767.0982666015625,1117.586669921875,863.2430419921875,739.5367431640625,969.802001953125,703.9651489257812,1495.5419921875,846.9649658203125
2017-08-16 06:00:00,2017.233015447502,2382.917757542491,849.4812622070312,848.9353637695312,833.3370361328125,1216.1759033203125,1167.389404296875,876.2373046875,1707.3533935546875,886.9657592773438,1900.387451171875,1327.0233154296875,645.4303588867188,1288.2012939453125,1646.9290771484375,682.7476196289062,784.3656616210938,2125.877685546875,1697.6134033203125,885.6215209960938,2179.412109375,1231.1396484375,1645.238525390625,1336.9705810546875,1062.7869873046877,952.4775390625,1873.72998046875,807.6043090820312,731.6763305664062,1096.3551025390623,1108.787353515625,820.5172729492188,1086.50341796875,1253.982421875,677.4071044921875,1004.5889282226562,1164.9918212890625,1598.476318359375,696.6676635742188,1167.2386474609375,795.6109619140625,828.3788452148438,1140.448486328125,654.1963500976562,869.7469482421875,811.1763916015625,1224.0001220703125,840.2476806640625,754.814453125,909.8218383789062,686.233154296875,1415.475341796875,811.3901977539062
2017-08-16 12:00:00,1972.358851090533,2367.196112398465,828.7869873046875,810.3738403320312,868.4674072265625,1231.6845703125,1157.456787109375,867.9652099609375,1728.0517578125,832.4544677734375,1671.1064453125,1214.15087890625,719.3062744140625,1256.9404296875,1494.791015625,754.8741455078125,755.7070922851562,2038.880615234375,1594.9942626953125,845.7133178710938,2009.0040283203125,1221.2103271484375,1668.505859375,1363.533935546875,1062.362548828125,910.9076538085938,1690.490966796875,800.20751953125,694.462646484375,1032.0787353515623,1288.704345703125,933.8597412109376,1074.72216796875,1226.108642578125,726.4954833984375,951.8603515625,1437.0755615234375,1407.1077880859375,672.2402954101562,1112.01953125,777.7097778320312,839.6309814453125,1119.3804931640623,646.9513549804688,866.11083984375,871.2650146484375,1192.16845703125,808.5900268554688,755.0184326171875,863.3381958007812,669.855712890625,1330.7025146484375,783.2283935546875
2017-08-16 18:00:00,1928.9647765691568,2347.0581127153628,810.0753173828125,774.0057983398438,899.2250366210938,1297.7916259765625,1090.2462158203123,883.5045166015625,1687.3824462890625,790.5728759765625,1484.6968994140625,1127.244384765625,836.57177734375,1247.22216796875,1379.607421875,850.0980834960938,760.0570678710938,1953.782470703125,1499.6455078125,807.4486083984375,1850.5262451171875,1207.1007080078125,1663.817138671875,1392.6285400390625,1041.4615478515623,914.745849609375,1553.1776123046875,801.3829956054688,659.263916015625,994.3446044921876,1603.1707763671875,1053.609130859375,1091.8895263671877,1189.52880859375,791.0667114257812,912.8472900390624,1537.51416015625,1280.2294921875,655.9069213867188,1059.065673828125,769.9053955078125,872.3572387695312,1157.39892578125,653.4818115234375,880.4042358398438,927.290283203125,1079.699462890625,808.6687622070312,746.9955444335938,830.9571533203125,661.0332641601562,1248.5125732421875,780.6822509765625
2017-08-17 00:00:00,1888.4459228515625,2327.4658203125,790.5762939453125,736.159423828125,953.3169555664062,1415.775146484375,1002.4083862304688,917.3110961914062,1645.08984375,751.3945922851562,1355.44970703125,1058.6395263671877,923.5844116210938,1247.5374755859375,1325.235107421875,931.9092407226562,781.1431274414062,1878.2796630859373,1405.1298828125,777.8307495117188,1703.4345703125,1208.966552734375,1634.5146484375,1411.8712158203125,995.0811767578124,937.2963256835938,1452.4884033203125,797.0891723632812,626.95361328125,1042.538330078125,1898.1656494140625,1061.5655517578123,1145.7196044921875,1142.65478515625,794.8574829101562,905.3719482421876,1581.7432861328125,1205.1295166015625,643.9273071289062,1014.32275390625,822.2343139648438,917.9225463867188,1204.2237548828125,670.1284790039062,888.09375,996.0148315429688,988.2770385742188,895.8322143554688,730.8329467773438,813.3782958984375,665.4002685546875,1164.7703857421875,802.4639282226562
2017-08-17 06:00:00,1850.504151481136,2309.967532802828,762.5863037109375,699.2263793945312,980.8112182617188,1529.715087890625,924.6056518554688,932.1515502929688,1593.2679443359375,720.4378662109375,1255.35546875,1002.903076171875,1000.9979858398438,1240.5015869140625,1309.291259765625,981.2266845703124,786.8096313476562,1789.3349609375,1308.996826171875,753.0177001953125,1585.674560546875,1198.92333984375,1605.413818359375,1389.7828369140625,935.7511596679688,932.5621337890624,1405.4400634765625,784.2456665039062,599.5748291015625,1144.459228515625,2145.25341796875,1041.3680419921877,1203.94775390625,1092.927978515625,794.7662353515625,910.295654296875,1593.11376953125,1149.54296875,631.7879028320312,988.29345703125,925.5703125,947.1488037109376,1200.5213623046875,688.1550903320312,905.3296508789062,1070.252197265625,908.2882080078124,999.5358276367188,709.839599609375,804.2042236328125,669.65869140625,1077.4886474609377,803.4434814453125
2017-08-17 12:00:00,1814.2977821575134,2291.5942401682737,745.0928344726562,665.8023071289062,982.2664184570312,1567.13720703125,880.1643676757812,917.2986450195312,1547.9576416015625,711.7178955078125,1183.2994384765625,971.1800537109376,1071.5714111328123,1219.9166259765625,1294.7149658203125,1027.7646484375,784.243408203125,1711.5472412109375,1223.6353759765625,730.7786254882812,1502.8817138671875,1179.7176513671875,1557.109375,1408.0015869140625,884.5233154296875,922.3088989257812,1421.33447265625,775.4522094726562,582.4144287109375,1208.4537353515625,2284.60693359375,1031.6668701171877,1236.2125244140625,1185.4813232421875,803.0390625,913.4612426757812,1582.7938232421875,1109.94677734375,623.008544921875,1030.727294921875,969.0459594726562,988.1693725585938,1195.211669921875,720.6019287109375,1086.2626953125,1120.3424072265623,867.072509765625,1109.8314208984377,691.2135620117188,805.3861694335938,663.9119873046875,995.5595092773438,804.9545288085938
2017-08-17 18:00:00,1780.4066330832595,2270.532042781614,795.1752319335938,636.6817626953125,1010.5654907226562,1569.3621826171875,870.7142333984375,884.6207885742188,1505.315673828125,731.8663330078125,1146.9075927734375,992.3276977539062,1146.9300537109375,1202.013427734375,1262.9732666015625,1059.3428955078123,780.4298706054688,1650.2611083984375,1150.482666015625,710.0647583007812,1442.72998046875,1218.3255615234375,1471.216064453125,1392.5125732421875,844.9762573242188,910.6851196289062,1440.350830078125,779.8532104492188,575.5617065429688,1223.0638427734375,2319.2998046875,1063.608642578125,1236.576904296875,1427.6912841796875,822.2346801757812,937.3645629882812,1578.087646484375,1080.570068359375,622.1334838867188,1127.11279296875,966.791015625,1039.302734375,1198.8349609375,767.2015991210938,1320.55078125,1129.77197265625,906.5773315429688,1236.363525390625,682.7816162109375,814.1223754882812,665.3514404296875,924.0062255859376,815.6613159179688
2017-08-18 00:00:00,1749.4105224609375,2244.967041015625,856.22509765625,609.949462890625,1067.51708984375,1523.41650390625,876.7056274414062,860.3517456054688,1464.774169921875,791.089111328125,1135.9593505859375,1224.810791015625,1213.200439453125,1190.9510498046875,1245.10107421875,1052.6031494140623,777.9172973632812,1569.37353515625,1085.6151123046877,691.4427490234375,1421.841064453125,1310.6708984375,1374.1663818359375,1315.1197509765625,814.22509765625,894.7978515625,1490.4097900390625,884.5261840820312,576.1123657226562,1242.6502685546875,2265.1982421875,1140.772705078125,1234.3414306640625,1632.906982421875,836.2684936523438,961.5111083984376,1573.3077392578125,1072.68310546875,633.7763061523438,1221.6380615234375,973.9097900390624,1067.092529296875,1191.6019287109375,816.1304931640625,1443.929443359375,1126.4345703125,1087.59765625,1388.2012939453125,684.513916015625,822.264892578125,686.6950073242188,865.4034423828125,827.656982421875
2017-08-18 06:00:00,1717.019535565763,2208.772233932132,911.8656005859376,585.2393188476562,1087.88818359375,1509.5428466796875,869.44580078125,836.9746704101562,1435.3857421875,857.7667236328125,1127.7786865234375,1461.364501953125,1259.6715087890625,1179.4886474609375,1230.5428466796875,1019.4572143554688,773.16259765625,1456.435791015625,1027.7125244140623,675.4286499023438,1392.218994140625,1391.1177978515625,1276.6552734375,1255.427734375,790.8135986328125,872.2625732421875,1644.2159423828125,987.2600708007812,579.9529418945312,1268.171875,2142.697998046875,1209.6842041015625,1212.56494140625,1739.673828125,841.5623168945312,980.0064697265624,1548.060791015625,1058.0596923828123,645.0225830078125,1272.8037109375,979.5968017578124,1074.55419921875,1160.3553466796875,848.5799560546875,1476.853759765625,1113.5390625,1565.698486328125,1495.6646728515625,688.0415649414062,821.517822265625,707.765380859375,817.9041137695312,831.2318725585938
2017-08-18 12:00:00,1683.9212786571975,2161.637350762392,1059.9532470703123,565.7007446289062,1091.267578125,1513.5797119140625,872.3910522460938,824.7806396484375,1410.8038330078125,925.4740600585938,1151.5782470703125,1664.8616943359375,1284.9822998046875,1182.4111328125,1231.3685302734375,989.42626953125,784.1856689453125,1348.499755859375,976.2255249023438,676.8204345703125,1361.0103759765625,1474.332275390625,1191.0316162109375,1225.0274658203125,771.610107421875,847.009521484375,1806.1314697265625,1004.9472045898438,584.8047485351562,1294.132080078125,1984.29736328125,1247.893310546875,1173.04150390625,1788.4190673828125,848.3455200195312,1003.0100708007812,1490.10595703125,1046.174560546875,660.2203369140625,1295.5054931640625,975.3766479492188,1098.028076171875,1130.3470458984375,873.6731567382812,1458.9306640625,1091.6802978515623,2242.6611328125,1585.2586669921875,690.1320190429688,816.8750610351562,715.2815551757812,779.77294921875,837.6640014648438
2017-08-18 18:00:00,1658.1618514141735,2110.4735871333305,1199.49853515625,553.2770385742189,1081.33251953125,1491.0889892578125,900.7197875976562,825.61083984375,1381.58642578125,1016.1148071289062,1266.1778564453125,1916.96435546875,1303.28466796875,1206.960205078125,1252.9906005859375,987.7943115234376,814.2244262695312,1254.4947509765625,928.1837768554688,712.006103515625,1366.97509765625,1505.9796142578125,1120.5916748046877,1207.3203125,753.4259033203125,821.9929809570312,1889.044921875,1029.98583984375,592.0376586914062,1288.3778076171875,1815.6046142578125,1264.9873046875,1145.7086181640625,1805.689697265625,848.75439453125,1033.9603271484377,1408.07080078125,1026.1368408203123,677.8460693359375,1307.383544921875,963.7617797851562,1111.3466796875,1120.2066650390623,914.6842651367188,1406.7657470703125,1058.51611328125,2723.32421875,1665.6671142578125,687.822021484375,813.0636596679688,724.66064453125,746.0725708007812,852.305419921875
2017-08-19 00:00:00,1647.787353515625,2062.192138671875,1262.2025146484375,547.5942993164061,1056.5977783203123,1439.609619140625,967.5960693359376,830.1852416992188,1345.6395263671875,1135.78125,1378.9688720703125,2154.6435546875,1348.8262939453125,1236.55517578125,1252.5634765625,1003.6884765625,848.488525390625,1164.776123046875,882.7415161132812,790.3534545898438,1390.3128662109375,1511.102783203125,1061.44873046875,1188.4228515625,732.4124755859375,795.1653442382812,1869.83203125,1074.6285400390623,604.4398803710938,1263.5084228515625,1661.5115966796875,1284.1802978515625,1148.53662109375,1787.346923828125,837.0259399414062,1063.2137451171877,1326.9500732421875,1025.549560546875,694.5479125976562,1318.8912353515625,966.4900512695312,1102.0623779296877,1116.86962890625,964.8613891601562,1330.6790771484375,1022.4594116210938,2944.242919921875,1748.7890625,684.1673583984375,812.6008911132812,744.7567749023438,713.7001953125,859.646728515625
