Datetime,Proxy Observed
1997-01-02,16.51911163
1997-01-05,16.14936256
1997-01-09,15.73466873
1997-01-12,15.49084663
1997-01-16,15.21968269
1997-01-19,15.04342079
1997-01-23,14.91644955
1997-01-26,14.87721252
1997-01-30,14.62067699
1997-02-02,14.3937645
1997-02-06,14.20923996
1997-02-09,14.11877537
1997-02-13,14.39321613
1997-02-16,14.81041241
1997-02-20,15.35497665
1997-02-23,15.57152557
1997-02-27,16.7010746
1997-03-02,17.02895737
1997-03-06,17.23476982
1997-03-09,16.74416542
1997-03-13,15.64752388
1997-03-16,14.90875244
1997-03-20,14.02379894
1997-03-23,13.69643593
1997-03-27,13.57099342
1997-03-30,13.37966251
1997-04-03,13.2589035
1997-04-06,12.94950962
1997-04-10,12.80363464
1997-04-13,12.73785114
1997-04-17,12.72312927
1997-04-20,12.70810604
1997-04-24,12.56851959
1997-04-27,12.86331749
1997-05-01,12.56012249
1997-05-04,12.47750854
1997-05-08,12.57621288
1997-05-11,12.86581135
1997-05-15,13.40080452
1997-05-18,13.88021088
1997-05-22,15.53100204
1997-05-25,17.30719185
1997-05-29,16.93312836
1997-06-01,15.03029442
1997-06-05,13.26337051
1997-06-08,12.63008976
1997-06-12,12.1957407
1997-06-15,12.2438736
1997-06-19,12.24859428
1997-06-22,12.4247303
1997-06-26,13.06175232
1997-06-29,13.99890137
1997-07-03,14.18578911
1997-07-06,14.15871716
1997-07-10,13.28409863
1997-07-13,12.55019474
1997-07-17,11.91510391
1997-07-20,11.28872299
1997-07-24,10.58061314
1997-07-27,10.470047
1997-07-31,10.00523376
1997-08-03,10.02088165
1997-08-07,10.078619
1997-08-10,10.24086189
1997-08-14,10.57464886
1997-08-17,10.56137466
1997-08-21,10.06840134
1997-08-24,9.912995338
1997-08-28,10.0565939
1997-08-31,10.18529797
1997-09-04,11.88874245
1997-09-07,12.72740841
1997-09-11,12.11360073
1997-09-14,11.15129089
1997-09-18,10.16870689
1997-09-21,9.621520042
1997-09-25,9.176337242
1997-09-28,9.006170273
1997-10-02,8.630031586
1997-10-05,8.419271469
1997-10-09,8.404449463
1997-10-12,8.935580254
1997-10-16,10.06945705
1997-10-19,11.0243845
1997-10-23,11.22794533
1997-10-26,10.61468792
1997-10-30,9.5662117
1997-11-02,9.005342484
1997-11-06,8.539441109
1997-11-09,8.470377922
1997-11-13,8.495382309
1997-11-16,8.529157639
1997-11-20,8.726368904
1997-11-23,9.017343521
1997-11-27,9.288126946
1997-11-30,10.01836395
1997-12-04,11.64149666
1997-12-07,12.39571953
1997-12-11,11.38856792
1997-12-14,10.5037117
1997-12-18,9.538350105
1997-12-21,9.629406929
1997-12-25,9.578961372
1997-12-28,10.1914463
1998-01-02,11.59110737
1998-01-05,20.40570641
1998-01-09,25.9009285
1998-01-12,21.92901611
1998-01-16,16.84884453
1998-01-19,15.17215633
1998-01-23,14.76749516
1998-01-26,13.86310768
1998-01-30,12.64538574
1998-02-02,11.86691856
1998-02-06,11.37370396
1998-02-09,11.35973644
1998-02-13,11.56602955
1998-02-16,11.84935474
1998-02-20,12.30032539
1998-02-23,12.76402092
1998-02-27,13.2618103
1998-03-02,13.70790863
1998-03-06,14.84925652
1998-03-09,16.6024971
1998-03-13,18.76965141
1998-03-16,19.09896278
1998-03-20,18.60136795
1998-03-23,18.25910187
1998-03-27,18.5094471
1998-03-30,19.26722717
1998-04-03,20.62864494
1998-04-06,22.08425522
1998-04-10,27.62678719
1998-04-13,32.51561737
1998-04-17,34.19260406
1998-04-20,32.64873123
1998-04-24,30.78347397
1998-04-27,32.68919754
1998-05-01,34.77013779
1998-05-04,33.23171616
1998-05-08,31.11285591
1998-05-11,30.54951668
1998-05-15,31.09965897
1998-05-18,31.68831825
1998-05-22,32.68694305
1998-05-25,33.63943863
1998-05-29,34.94262314
1998-06-01,35.48069382
1998-06-05,37.40163422
1998-06-08,38.24106216
1998-06-12,38.96232605
1998-06-15,40.49082184
1998-06-19,41.57218552
1998-06-22,40.48987961
1998-06-26,39.97037888
1998-06-29,40.26514435
1998-07-03,41.3010788
1998-07-06,41.00644302
1998-07-10,39.88144684
1998-07-13,39.45286942
1998-07-17,39.19815826
1998-07-20,38.78936768
1998-07-24,38.21174622
1998-07-27,37.79252625
1998-07-31,37.34583664
1998-08-03,37.75662613
1998-08-07,36.78289032
1998-08-10,36.05451584
1998-08-14,35.17843628
1998-08-17,34.8297348
1998-08-21,34.30584717
1998-08-24,34.50897217
1998-08-28,34.10810852
1998-08-31,33.65952683
1998-09-04,33.27561188
1998-09-07,33.360672
1998-09-11,33.19221878
1998-09-14,33.12734604
1998-09-18,33.06669617
1998-09-21,32.26042175
1998-09-25,31.0818634
1998-09-28,31.57788658
1998-10-02,40.83066559
1998-10-05,42.00447845
1998-10-09,36.32130432
1998-10-12,33.39887619
1998-10-16,30.98964882
1998-10-19,31.14289284
1998-10-23,30.85168457
1998-10-26,46.93771362
1998-10-30,50.15422821
1998-11-02,71.14344788
1998-11-06,64.39647675
1998-11-09,50.15900421
1998-11-13,41.99499512
1998-11-16,38.86306381
1998-11-20,34.58816528
1998-11-23,32.00580597
1998-11-27,30.98184967
1998-11-30,31.15087128
1998-12-04,31.04592323
1998-12-07,30.90903854
1998-12-11,31.84995842
1998-12-14,39.2025032
1998-12-18,41.72356796
1998-12-21,39.91718292
1998-12-25,41.33581162
1998-12-28,47.39506912
1999-01-02,45.39446259
1999-01-05,44.2492485
1999-01-09,44.4315834
1999-01-12,44.5445137
1999-01-16,46.59450912
1999-01-19,52.24391556
1999-01-23,53.67346573
1999-01-26,52.55725479
1999-01-30,50.00257111
1999-02-02,48.85082626
1999-02-06,47.39076996
1999-02-09,47.60316849
1999-02-13,48.55257416
1999-02-16,49.24798584
1999-02-20,50.38705444
1999-02-23,51.27416229
1999-02-27,53.15690994
1999-03-02,54.82838058
1999-03-06,56.46063995
1999-03-09,57.53665161
1999-03-13,58.28705597
1999-03-16,58.96534729
1999-03-20,59.23051453
1999-03-23,59.43883514
1999-03-27,60.39509964
1999-03-30,60.82519531
1999-04-03,61.37638855
1999-04-06,61.73142624
1999-04-10,61.92429733
1999-04-13,61.9753952
1999-04-17,62.86763763
1999-04-20,63.51550293
1999-04-24,65.41723633
1999-04-27,67.54090118
1999-05-01,66.75714111
1999-05-04,64.51421356
1999-05-08,63.69665527
1999-05-11,64.37134552
1999-05-15,66.39157867
1999-05-18,65.68442535
1999-05-22,63.67134094
1999-05-25,62.27558899
1999-05-29,60.56341934
1999-06-01,60.3475647
1999-06-05,61.78139496
1999-06-08,62.42961121
1999-06-12,61.36640167
1999-06-15,59.82023239
1999-06-19,57.652771
1999-06-22,56.78356171
1999-06-26,55.43352509
1999-06-29,55.25574112
1999-07-03,54.59644699
1999-07-06,54.47542191
1999-07-10,53.68899155
1999-07-13,52.43154526
1999-07-17,51.17256927
1999-07-20,50.03343582
1999-07-24,48.99046707
1999-07-27,47.8950119
1999-07-31,46.68420792
1999-08-03,46.30844498
1999-08-07,48.18540573
1999-08-10,69.86092377
1999-08-14,67.32431793
1999-08-17,59.68804169
1999-08-21,58.32141113
1999-08-24,53.82369232
1999-08-28,48.67729187
1999-08-31,46.5500145
1999-09-04,42.98695755
1999-09-07,41.30732727
1999-09-11,39.6140976
1999-09-14,38.81684875
1999-09-18,37.75260162
1999-09-21,38.83427048
1999-09-25,49.56237793
1999-09-28,51.14479828
1999-10-02,48.92073059
1999-10-05,44.82196045
1999-10-09,40.59353256
1999-10-12,37.57010269
1999-10-16,34.85116196
1999-10-19,33.32696533
1999-10-23,32.48949814
1999-10-26,35.75055313
1999-10-30,37.30125809
1999-11-02,35.20874786
1999-11-06,33.07286453
1999-11-09,32.77431107
1999-11-13,32.32027817
1999-11-16,31.12332535
1999-11-20,29.85365868
1999-11-23,29.47062111
1999-11-27,28.96428871
1999-11-30,28.92300034
1999-12-04,28.81912422
1999-12-07,28.59174728
1999-12-11,28.44940567
1999-12-14,29.68500328
1999-12-18,31.87815094
1999-12-21,31.43088341
1999-12-25,53.72037506
1999-12-28,69.29051971
2000-01-02,47.30833435
2000-01-05,41.50904465
2000-01-09,37.5208931
2000-01-12,35.65679932
2000-01-16,35.04905319
2000-01-19,35.45112991
2000-01-23,36.01215744
2000-01-26,36.72816086
2000-01-30,37.53421402
2000-02-02,38.56775665
2000-02-06,40.58311462
2000-02-09,42.0757637
2000-02-13,44.36795044
2000-02-16,45.39452362
2000-02-20,46.3133316
2000-02-23,46.73556137
2000-02-27,48.05202484
2000-03-02,53.79440689
2000-03-06,59.7513237
2000-03-09,56.79180527
2000-03-13,54.13121033
2000-03-16,53.44757462
2000-03-20,53.57647705
2000-03-23,53.95703125
2000-03-27,55.16678619
2000-03-30,56.25346375
2000-04-03,57.54942322
2000-04-06,61.09399033
2000-04-10,61.78504181
2000-04-13,62.70270157
2000-04-17,64.85695648
2000-04-20,68.4353714
2000-04-24,68.79370117
2000-04-27,69.26837921
2000-05-01,68.41500092
2000-05-04,67.16136169
2000-05-08,65.29599762
2000-05-11,65.37683105
2000-05-15,65.90834808
2000-05-18,66.07943726
2000-05-22,67.72434235
2000-05-25,69.15750122
2000-05-29,79.09981537
2000-06-01,83.09664917
2000-06-05,78.24307251
2000-06-08,74.15771484
2000-06-12,71.34240723
2000-06-15,70.66239166
2000-06-19,68.62031555
2000-06-22,68.80641174
2000-06-26,69.19632721
2000-06-29,68.9644928
2000-07-03,68.68170166
2000-07-06,70.76654053
2000-07-10,70.64225769
2000-07-13,70.55445099
2000-07-17,69.01176453
2000-07-20,67.06848907
2000-07-24,65.3714447
2000-07-27,64.68740082
2000-07-31,63.41868973
2000-08-03,62.94005966
2000-08-07,62.37779999
2000-08-10,61.77568054
2000-08-14,60.41914368
2000-08-17,59.43574142
2000-08-21,58.74749756
2000-08-24,57.79948044
2000-08-28,56.88915634
2000-08-31,56.27178192
2000-09-04,55.49808121
2000-09-07,54.80513382
2000-09-11,53.34033585
2000-09-14,52.38985443
2000-09-18,52.4542923
2000-09-21,58.48180771
2000-09-25,60.34957123
2000-09-28,62.99246216
2000-10-02,60.61063766
2000-10-05,55.26854324
2000-10-09,53.12491226
2000-10-12,65.18360901
2000-10-16,63.83123398
2000-10-19,56.22523117
2000-10-23,53.7989502
2000-10-26,48.92234802
2000-10-30,49.12156677
2000-11-02,66.35671234
2000-11-06,99.79023743
2000-11-09,99.10388184
2000-11-13,78.37400818
2000-11-16,65.25223541
2000-11-20,56.72655487
2000-11-23,55.64914703
2000-11-27,59.1008606
2000-11-30,61.63089371
2000-12-04,63.48525238
2000-12-07,67.7746582
2000-12-11,81.19010162
2000-12-14,86.16194916
2000-12-18,88.19200134
2000-12-21,90.32305908
2000-12-25,98.63467407
2000-12-28,106.4715042
2001-01-02,117.8448944
2001-01-05,127.6655655
2001-01-09,133.7868958
2001-01-12,134.2940369
2001-01-16,136.7659607
2001-01-19,138.998703
2001-01-23,143.3920136
2001-01-26,151.3131409
2001-01-30,152.4668274
2001-02-02,151.5775146
2001-02-06,155.344223
2001-02-09,163.2682953
2001-02-13,181.6994781
2001-02-16,186.0006561
2001-02-20,173.354248
2001-02-23,171.6036377
2001-02-27,173.4003296
2001-03-02,175.7968292
2001-03-06,176.9077606
2001-03-09,178.5069275
2001-03-13,180.0385132
2001-03-16,180.116272
2001-03-20,182.7599182
2001-03-23,182.0417328
2001-03-27,180.1969757
2001-03-30,180.041275
2001-04-03,176.6929016
2001-04-06,177.2328949
2001-04-10,177.4761353
2001-04-13,175.2479248
2001-04-17,172.0406647
2001-04-20,170.5322571
2001-04-24,170.1489868
2001-04-27,171.3013763
2001-05-01,170.2454834
2001-05-04,168.052948
2001-05-08,164.6133118
2001-05-11,163.9943695
2001-05-15,162.6067352
2001-05-18,161.4985962
2001-05-22,158.8409576
2001-05-25,155.6398315
2001-05-29,152.5157166
2001-06-01,150.5520477
2001-06-05,147.766861
2001-06-08,145.3784027
2001-06-12,142.651001
2001-06-15,140.3656769
2001-06-19,138.3407288
2001-06-22,135.3721924
2001-06-26,131.2154388
2001-06-29,129.0340271
2001-07-03,125.6863556
2001-07-06,123.1693954
2001-07-10,124.1387177
2001-07-13,122.1251068
2001-07-17,117.0786133
2001-07-20,114.535553
2001-07-24,110.4787827
2001-07-27,107.0742188
2001-07-31,102.9634094
2001-08-03,100.9541702
2001-08-07,98.22503662
2001-08-10,97.28236389
2001-08-14,94.33126831
2001-08-17,91.17722321
2001-08-21,88.59703827
2001-08-24,86.13047028
2001-08-28,83.24589539
2001-08-31,81.28787231
2001-09-04,78.23560333
2001-09-07,76.13877869
2001-09-11,73.68343353
2001-09-14,71.828125
2001-09-18,69.59078217
2001-09-21,68.27885437
2001-09-25,66.21011353
2001-09-28,64.60603333
2001-10-02,64.69983673
2001-10-05,64.6505127
2001-10-09,64.30859375
2001-10-12,62.69397354
2001-10-16,59.39962387
2001-10-19,57.87942505
2001-10-23,58.52948761
2001-10-26,62.24515152
2001-10-30,60.30996704
2001-11-02,55.74589539
2001-11-06,51.31951523
2001-11-09,49.31651306
2001-11-13,47.81424713
2001-11-16,46.54929352
2001-11-20,44.77354813
2001-11-23,43.40813065
2001-11-27,42.21304321
2001-11-30,41.80295944
2001-12-04,41.74184418
2001-12-07,42.02417755
2001-12-11,41.31027985
2001-12-14,39.8539772
2001-12-18,38.16215897
2001-12-21,37.20307541
2001-12-25,36.19004822
2001-12-28,35.63396454
2002-01-02,34.94823456
2002-01-05,34.45262909
2002-01-09,33.93727493
2002-01-12,33.80468369
2002-01-16,33.71505737
2002-01-19,33.54645157
2002-01-23,33.23654556
2002-01-26,34.43915176
2002-01-30,37.88514328
2002-02-02,38.82048035
2002-02-06,50.82784271
2002-02-09,50.93168259
2002-02-13,42.94464874
2002-02-16,39.66346741
2002-02-20,37.66801071
2002-02-23,37.47312164
2002-02-27,39.36846161
2002-03-02,41.05407715
2002-03-06,41.24358368
2002-03-09,40.90657425
2002-03-13,41.70657349
2002-03-16,43.81147003
2002-03-20,48.33345032
2002-03-23,49.85482407
2002-03-27,48.94488144
2002-03-30,48.08669281
2002-04-03,47.88208771
2002-04-06,48.01530838
2002-04-10,48.7087059
2002-04-13,49.27108383
2002-04-17,50.01862717
2002-04-20,50.68379211
2002-04-24,51.05654526
2002-04-27,51.54505539
2002-05-01,52.72052765
2002-05-04,53.88082504
2002-05-08,54.18512726
2002-05-11,54.12804413
2002-05-15,54.2023735
2002-05-18,54.20038986
2002-05-22,54.60405731
2002-05-25,54.78813934
2002-05-29,56.31630707
2002-06-01,55.98775101
2002-06-05,54.78914642
2002-06-08,55.40302658
2002-06-12,55.49385452
2002-06-15,54.22468948
2002-06-19,51.77643967
2002-06-22,50.58404922
2002-06-26,49.1007309
2002-06-29,48.35034943
2002-07-03,47.87925339
2002-07-06,48.43088913
2002-07-10,48.73500443
2002-07-13,48.76447296
2002-07-17,47.5466156
2002-07-20,46.05570602
2002-07-24,44.71369553
2002-07-27,43.54968262
2002-07-31,42.90033722
2002-08-03,43.16492462
2002-08-07,43.80677414
2002-08-10,43.95643616
2002-08-14,44.76768494
2002-08-17,43.08819199
2002-08-21,40.67983246
2002-08-24,39.35920715
2002-08-28,38.19298935
2002-08-31,37.14471817
2002-09-04,36.18601227
2002-09-07,35.34663773
2002-09-11,35.54063416
2002-09-14,35.69589233
2002-09-18,34.75977707
2002-09-21,33.70664978
2002-09-25,32.43019485
2002-09-28,31.79942513
2002-10-02,30.89958382
2002-10-05,30.27813721
2002-10-09,29.54913712
2002-10-12,29.12127113
2002-10-16,29.65105629
2002-10-19,31.63903809
2002-10-23,33.45289612
2002-10-26,32.38331223
2002-10-30,30.99315071
2002-11-02,30.11975861
2002-11-06,29.58355522
2002-11-09,30.18218231
2002-11-13,33.20867157
2002-11-16,41.98233795
2002-11-20,42.31283951
2002-11-23,36.76792908
2002-11-27,31.56099892
2002-11-30,29.19168854
2002-12-04,27.70874214
2002-12-07,27.33086967
2002-12-11,26.54068565
2002-12-14,25.96144295
2002-12-18,26.33305168
2002-12-21,26.96426392
2002-12-25,31.77036476
2002-12-28,39.58852768
2003-01-02,69.61758423
2003-01-05,80.88681793
2003-01-09,60.57159424
2003-01-12,52.91073608
2003-01-16,51.92176819
2003-01-19,54.60227966
2003-01-23,63.46888733
2003-01-26,66.06626892
2003-01-30,67.32795715
2003-02-02,69.36530304
2003-02-06,71.93562317
2003-02-09,73.97203064
2003-02-13,77.8611145
2003-02-16,79.57567596
2003-02-20,80.55084229
2003-02-23,81.38986969
2003-02-27,82.56012726
2003-03-02,84.28816223
2003-03-06,86.47724915
2003-03-09,87.9372406
2003-03-13,88.68727112
2003-03-16,88.72158813
2003-03-20,89.10015869
2003-03-23,89.43076324
2003-03-27,89.74928284
2003-03-30,89.94598389
2003-04-03,90.44580078
2003-04-06,90.48978424
2003-04-10,90.45948792
2003-04-13,90.13134766
2003-04-17,89.1125412
2003-04-20,88.67862701
2003-04-24,88.09629059
2003-04-27,87.47135162
2003-05-01,86.47732544
2003-05-04,85.77312469
2003-05-08,84.42948914
2003-05-11,83.23921204
2003-05-15,81.44286346
2003-05-18,80.5406189
2003-05-22,79.32232666
2003-05-25,78.06643677
2003-05-29,76.13179016
2003-06-01,74.39096832
2003-06-05,72.86435699
2003-06-08,71.55586243
2003-06-12,69.95885468
2003-06-15,68.21296692
2003-06-19,66.2365799
2003-06-22,64.73575592
2003-06-26,63.08936691
2003-06-29,61.76554871
2003-07-03,60.41366959
2003-07-06,59.36001587
2003-07-10,56.97422028
2003-07-13,54.9800415
2003-07-17,53.31604767
2003-07-20,52.11265564
2003-07-24,50.76777649
2003-07-27,50.44621658
2003-07-31,49.56295776
2003-08-03,48.53670502
2003-08-07,46.11732483
2003-08-10,44.44929886
2003-08-14,42.74801636
2003-08-17,41.72973633
2003-08-21,40.39765167
2003-08-24,39.65904617
2003-08-28,38.47163773
2003-08-31,37.41127014
2003-09-04,36.29948425
2003-09-07,35.38513565
2003-09-11,34.44206619
2003-09-14,33.56859589
2003-09-18,32.38104248
2003-09-21,31.51717567
2003-09-25,30.68905449
2003-09-28,30.00059891
2003-10-02,29.22005081
2003-10-05,28.3941021
2003-10-09,27.3328228
2003-10-12,26.81805801
2003-10-16,25.94874573
2003-10-19,25.36346245
2003-10-23,24.66379547
2003-10-26,24.16588402
2003-10-30,23.58531761
2003-11-02,23.38275719
2003-11-06,23.31744194
2003-11-09,22.95918655
2003-11-13,22.23470306
2003-11-16,21.58574867
2003-11-20,21.04214859
2003-11-23,21.42480278
2003-11-27,24.80275154
2003-11-30,25.75248909
2003-12-04,26.54225731
2003-12-07,25.27448273
2003-12-11,22.71922684
2003-12-14,21.78643608
2003-12-18,20.94615746
2003-12-21,20.26177406
2003-12-25,19.26937485
2003-12-28,18.74175262
2004-01-02,18.43888283
2004-01-05,18.22650337
2004-01-09,18.43198204
2004-01-12,19.31152534
2004-01-16,22.27858543
2004-01-19,22.06580544
2004-01-23,20.08930206
2004-01-26,18.78575897
2004-01-30,17.4916687
2004-02-02,17.20685577
2004-02-06,17.40327454
2004-02-09,18.28317261
2004-02-13,18.66604805
2004-02-16,18.14263535
2004-02-20,17.26279259
2004-02-23,16.7794857
2004-02-27,16.58792114
2004-03-02,16.54618645
2004-03-06,16.69268227
2004-03-09,16.89073753
2004-03-13,17.47001457
2004-03-16,18.27060699
2004-03-20,19.36933899
2004-03-23,19.78153419
2004-03-27,20.48502159
2004-03-30,20.72621346
2004-04-03,20.93179131
2004-04-06,21.41493607
2004-04-10,22.71765518
2004-04-13,23.26506424
2004-04-17,22.77143097
2004-04-20,23.26738358
2004-04-24,23.98284531
2004-04-27,24.3360405
2004-05-01,25.48535538
2004-05-04,26.13988876
2004-05-08,28.78052711
2004-05-11,30.26952553
2004-05-15,30.07965279
2004-05-18,29.54068947
2004-05-22,27.30492973
2004-05-25,26.09785652
2004-05-29,25.31975555
2004-06-01,25.28919983
2004-06-05,25.29506874
2004-06-08,24.7709446
2004-06-12,24.52000618
2004-06-15,24.18334579
2004-06-19,24.32673836
2004-06-22,24.34378052
2004-06-26,24.91115952
2004-06-29,25.23055458
2004-07-03,25.37005806
2004-07-06,25.45343971
2004-07-10,27.10422707
2004-07-13,28.59866333
2004-07-17,28.73317337
2004-07-20,27.23543167
2004-07-24,25.34426498
2004-07-27,25.05105782
2004-07-31,23.93541908
2004-08-03,23.39936829
2004-08-07,23.41530228
2004-08-10,23.96284866
2004-08-14,24.97841263
2004-08-17,24.74058723
2004-08-21,24.73560905
2004-08-24,24.74306107
2004-08-28,25.52077293
2004-08-31,24.89549828
2004-09-04,23.45916748
2004-09-07,22.1256485
2004-09-11,21.10435677
2004-09-14,20.47440147
2004-09-18,20.41329575
2004-09-21,20.17255974
2004-09-25,19.91953468
2004-09-28,19.69427681
2004-10-02,19.35691261
2004-10-05,19.19802284
2004-10-09,19.19108963
2004-10-12,19.04761314
2004-10-16,19.33401489
2004-10-19,19.47292709
2004-10-23,19.41465378
2004-10-26,19.76926994
2004-10-30,21.82110405
2004-11-02,21.91285896
2004-11-06,20.37925911
2004-11-09,19.13528252
2004-11-13,17.83778572
2004-11-16,17.19991112
2004-11-20,17.63497925
2004-11-23,17.67073631
2004-11-27,18.16622543
2004-11-30,17.64370537
2004-12-04,16.63422775
2004-12-07,16.01074982
2004-12-11,15.32393074
2004-12-14,14.88005066
2004-12-18,14.61310863
2004-12-21,15.03637123
2004-12-25,15.6493187
2004-12-28,15.96667004
2005-01-02,15.65540123
2005-01-05,15.2411747
2005-01-09,14.4882412
2005-01-12,14.41766739
2005-01-16,14.3488121
2005-01-19,14.21690655
2005-01-23,14.11385441
2005-01-26,14.0701952
2005-01-30,14.03256321
2005-02-02,13.94126415
2005-02-06,13.84858608
2005-02-09,13.7781601
2005-02-13,13.82366943
2005-02-16,14.01101208
2005-02-20,14.35292435
2005-02-23,14.42901993
2005-02-27,14.36731815
2005-03-02,14.37180901
2005-03-06,14.40881824
2005-03-09,14.42865467
2005-03-13,14.31650257
2005-03-16,14.15873814
2005-03-20,13.97720051
2005-03-23,14.03061008
2005-03-27,14.30095959
2005-03-30,14.84218311
2005-04-03,15.98984146
2005-04-06,18.21116638
2005-04-10,18.25752068
2005-04-13,17.73954582
2005-04-17,17.26050949
2005-04-20,17.46244812
2005-04-24,18.3766613
2005-04-27,19.63676262
2005-05-01,19.90400505
2005-05-04,19.66909027
2005-05-08,18.85674095
2005-05-11,18.59870338
2005-05-15,17.32735443
2005-05-18,16.78997421
2005-05-22,16.37057304
2005-05-25,16.44743538
2005-05-29,16.45327568
2005-06-01,16.51174545
2005-06-05,16.44008064
2005-06-08,16.55300331
2005-06-12,16.73012924
2005-06-15,16.39221001
2005-06-19,15.90585232
2005-06-22,15.56460571
2005-06-26,15.64601707
2005-06-29,15.90824032
2005-07-03,17.52806664
2005-07-06,18.15467072
2005-07-10,17.80076027
2005-07-13,16.84790993
2005-07-17,15.69573498
2005-07-20,15.16131401
2005-07-24,15.19314861
2005-07-27,15.7032795
2005-07-31,16.98971367
2005-08-03,17.28665733
2005-08-07,16.92552757
2005-08-10,16.09208488
2005-08-14,15.42391396
2005-08-17,15.18578529
2005-08-21,15.13753128
2005-08-24,15.29694366
2005-08-28,15.22842121
2005-08-31,14.7759676
2005-09-04,14.26476479
2005-09-07,14.05530548
2005-09-11,14.16510296
2005-09-14,14.36229515
2005-09-18,14.10602379
2005-09-21,13.84211826
2005-09-25,13.43044472
2005-09-28,13.00359154
2005-10-02,12.82183838
2005-10-05,12.79446888
2005-10-09,12.63456726
2005-10-12,12.40035534
2005-10-16,12.96777153
2005-10-19,13.23152542
2005-10-23,13.70544529
2005-10-26,14.86025906
2005-10-30,17.09247398
2005-11-02,17.68886757
2005-11-06,18.16690826
2005-11-09,18.71516609
2005-11-13,17.36431694
2005-11-16,15.90830135
2005-11-20,14.01995564
2005-11-23,12.89676571
2005-11-27,11.70560169
2005-11-30,11.21130371
2005-12-04,11.53702354
2005-12-07,12.90974426
2005-12-11,14.18443966
2005-12-14,14.00962162
2005-12-18,12.85328293
2005-12-21,12.14348125
2005-12-25,11.45552158
2005-12-28,11.15941429
2006-01-02,11.13434792
2006-01-05,11.29173183
2006-01-09,11.51850033
2006-01-12,11.55070782
2006-01-16,11.4774332
2006-01-19,11.51757717
2006-01-23,11.47895241
2006-01-26,11.42630863
2006-01-30,11.24795055
2006-02-02,11.2336998
2006-02-06,11.22666359
2006-02-09,11.18504524
2006-02-13,11.54666042
2006-02-16,12.27380657
2006-02-20,14.54158783
2006-02-23,16.11920738
2006-02-27,15.75864124
2006-03-02,15.07334328
2006-03-06,14.39489746
2006-03-09,14.81542206
2006-03-13,15.83445263
2006-03-16,16.15439796
2006-03-20,15.47858429
2006-03-23,15.05555248
2006-03-27,15.14936161
2006-03-30,15.74204063
2006-04-03,18.48631477
2006-04-06,20.11404228
2006-04-10,19.20279884
2006-04-13,18.42433548
2006-04-17,17.84158707
2006-04-20,17.52249908
2006-04-24,17.42747879
2006-04-27,17.40395737
2006-05-01,17.45639229
2006-05-04,17.52839851
2006-05-08,18.02386475
2006-05-11,18.49651337
2006-05-15,19.25681496
2006-05-18,19.58277321
2006-05-22,21.06655884
2006-05-25,24.68880844
2006-05-29,29.02576637
2006-06-01,27.38524628
2006-06-05,23.15426254
2006-06-08,21.10025597
2006-06-12,19.11700439
2006-06-15,19.05122185
2006-06-19,18.99190712
2006-06-22,18.76556969
2006-06-26,18.50713158
2006-06-29,18.36796188
2006-07-03,17.78740311
2006-07-06,18.22678566
2006-07-10,19.06492233
2006-07-13,19.40106964
2006-07-17,18.50533104
2006-07-20,17.52417374
2006-07-24,17.32819939
2006-07-27,17.08734131
2006-07-31,17.01141167
2006-08-03,16.87228966
2006-08-07,16.81913376
2006-08-10,16.3908329
2006-08-14,16.27168083
2006-08-17,16.18034172
2006-08-21,16.26559258
2006-08-24,16.67469215
2006-08-28,16.51408196
2006-08-31,16.38936424
2006-09-04,15.94717503
2006-09-07,15.44327831
2006-09-11,14.81072521
2006-09-14,14.61443615
2006-09-18,15.52141476
2006-09-21,17.28838921
2006-09-25,17.03017807
2006-09-28,15.85880756
2006-10-02,15.05758381
2006-10-05,14.61049175
2006-10-09,14.16346836
2006-10-12,14.17529774
2006-10-16,14.54248714
2006-10-19,15.1421957
2006-10-23,15.17918491
2006-10-26,15.83056641
2006-10-30,17.07814598
2006-11-02,16.95381355
2006-11-06,15.1545105
2006-11-09,13.81858063
2006-11-13,12.64998722
2006-11-16,12.22897816
2006-11-20,13.14001846
2006-11-23,14.25374889
2006-11-27,17.83802223
2006-11-30,23.97735024
2006-12-04,25.47021484
2006-12-07,22.46989632
2006-12-11,20.26975632
2006-12-14,18.23185158
2006-12-18,16.53670883
2006-12-21,15.48390198
2006-12-25,14.20277786
2006-12-28,13.38063908
2007-01-02,13.11956406
2007-01-05,13.88570118
2007-01-09,16.03148079
2007-01-12,18.34119987
2007-01-16,25.84732056
2007-01-19,25.70988846
2007-01-23,23.55760574
2007-01-26,22.24903679
2007-01-30,20.54267311
2007-02-02,19.98744392
2007-02-06,20.09596062
2007-02-09,20.60411835
2007-02-13,22.87581062
2007-02-16,26.4140873
2007-02-20,28.22501946
2007-02-23,29.14969063
2007-02-27,32.14825058
2007-03-02,34.78062058
2007-03-06,40.5576973
2007-03-09,46.75511169
2007-03-13,45.41210938
2007-03-16,43.80950165
2007-03-20,44.44621277
2007-03-23,46.69271851
2007-03-27,49.48604965
2007-03-30,51.74738312
2007-04-03,53.82824707
2007-04-06,55.18701935
2007-04-10,56.48817444
2007-04-13,57.32547379
2007-04-17,57.8883667
2007-04-20,58.61339951
2007-04-24,59.40394974
2007-04-27,59.55625534
2007-05-01,59.41304779
2007-05-04,59.40480042
2007-05-08,60.0398674
2007-05-11,60.51082993
2007-05-15,61.86397552
2007-05-18,62.51415253
2007-05-22,61.30444717
2007-05-25,60.03450394
2007-05-29,62.28872299
2007-06-01,63.92741013
2007-06-05,61.53616333
2007-06-08,59.16701126
2007-06-12,56.84936142
2007-06-15,55.94697189
2007-06-19,58.83860397
2007-06-22,60.95986938
2007-06-26,66.47745514
2007-06-29,64.37199402
2007-07-03,63.01037979
2007-07-06,62.28413391
2007-07-10,57.43822861
2007-07-13,53.91553497
2007-07-17,51.36217117
2007-07-20,92.50835419
2007-07-24,263.9900513
2007-07-27,129.3607178
2007-07-31,79.14182281
2007-08-03,64.31916046
2007-08-07,54.3120575
2007-08-10,50.60261536
2007-08-14,48.09009171
2007-08-17,47.56144333
2007-08-21,51.49972534
2007-08-24,49.71775055
2007-08-28,46.02088928
2007-08-31,44.61201859
2007-09-04,43.14600372
2007-09-07,42.46372604
2007-09-11,41.34893799
2007-09-14,40.81279373
2007-09-18,40.01415634
2007-09-21,39.43260193
2007-09-25,38.79056168
2007-09-28,38.58761597
2007-10-02,38.63383865
2007-10-05,38.3780098
2007-10-09,37.94548798
2007-10-12,37.7989769
2007-10-16,37.49459839
2007-10-19,40.9084549
2007-10-23,45.07173538
2007-10-26,40.97935486
2007-10-30,37.54148865
2007-11-02,36.06383514
2007-11-06,34.58337784
2007-11-09,33.630867
2007-11-13,32.84880066
2007-11-16,32.45850372
2007-11-20,32.41067505
2007-11-23,33.39639282
2007-11-27,33.8113327
2007-11-30,33.18212509
2007-12-04,33.39679718
2007-12-07,34.76446915
2007-12-11,37.89521408
2007-12-14,37.22810745
2007-12-18,33.91008759
2007-12-21,32.04133606
2007-12-25,30.65911484
2007-12-28,30.52390671
2008-01-02,30.68798065
2008-01-05,30.69618225
2008-01-09,30.64376068
2008-01-12,33.06697083
2008-01-16,43.4456749
2008-01-19,58.29001999
2008-01-23,50.61857986
2008-01-26,43.23804474
2008-01-30,39.08419418
2008-02-02,38.43572617
2008-02-06,40.22079468
2008-02-09,42.52974701
2008-02-13,43.5590477
2008-02-16,43.73117828
2008-02-20,44.61446381
2008-02-23,45.33224106
2008-02-27,46.55448151
2008-03-02,48.02096558
2008-03-06,49.55374146
2008-03-09,50.53024673
2008-03-13,53.77325821
2008-03-16,58.93172073
2008-03-20,73.1606369
2008-03-23,66.9407196
2008-03-27,62.35479736
2008-03-30,62.0834198
2008-04-03,62.49917221
2008-04-06,61.69372177
2008-04-10,61.54044342
2008-04-13,61.79849243
2008-04-17,62.70907593
2008-04-20,63.38230515
2008-04-24,64.92625427
2008-04-27,65.51767731
2008-05-01,67.15372467
2008-05-04,68.57346344
2008-05-08,67.14068604
2008-05-11,66.49790955
2008-05-15,65.61309052
2008-05-18,66.04764557
2008-05-22,65.58293915
2008-05-25,65.06920624
2008-05-29,77.2743454
2008-06-01,86.19464111
2008-06-05,80.68789673
2008-06-08,75.19551849
2008-06-12,68.84549713
2008-06-15,67.50850677
2008-06-19,65.5680542
2008-06-22,64.17138672
2008-06-26,62.51310349
2008-06-29,61.77946091
2008-07-03,60.90287018
2008-07-06,59.87458801
2008-07-10,61.12953949
2008-07-13,62.37692642
2008-07-17,61.39451599
2008-07-20,59.50310898
2008-07-24,57.2629776
2008-07-27,56.08247757
2008-07-31,55.02523804
2008-08-03,55.00337601
2008-08-07,54.45423508
2008-08-10,53.97748566
2008-08-14,53.53827667
2008-08-17,54.13025665
2008-08-21,53.19943237
2008-08-24,51.8384285
2008-08-28,49.90032578
2008-08-31,48.7003746
2008-09-04,47.54315567
2008-09-07,49.9215889
2008-09-11,60.116642
2008-09-14,61.36237335
2008-09-18,54.24087524
2008-09-21,49.01890945
2008-09-25,45.01147461
2008-09-28,43.23989868
2008-10-02,41.41235733
2008-10-05,40.75083542
2008-10-09,41.26216507
2008-10-12,41.17583084
2008-10-16,39.6822052
2008-10-19,38.62779617
2008-10-23,37.89717865
2008-10-26,37.48678589
2008-10-30,37.15485382
2008-11-02,37.38579178
2008-11-06,38.9199791
2008-11-09,39.23522186
2008-11-13,43.70679092
2008-11-16,42.97230148
2008-11-20,39.51276779
2008-11-23,37.33561707
2008-11-27,35.87176132
2008-11-30,35.6503067
2008-12-04,35.48667526
2008-12-07,36.97411728
2008-12-11,37.0653038
2008-12-14,39.84260178
2008-12-18,50.62152481
2008-12-21,46.80487442
2008-12-25,41.15209579
2008-12-28,39.3694458
2009-01-02,38.64905548
2009-01-05,38.74214554
2009-01-09,39.29315948
2009-01-12,39.75525284
2009-01-16,41.1636734
2009-01-19,43.21458817
2009-01-23,48.6889801
2009-01-26,51.32980347
2009-01-30,51.37369537
2009-02-02,50.37927246
2009-02-06,50.21867371
2009-02-09,52.29467773
2009-02-13,60.02855682
2009-02-16,58.82952118
2009-02-20,57.86877441
2009-02-23,58.26324844
2009-02-27,59.54709244
2009-03-02,61.0072403
2009-03-06,64.52427673
2009-03-09,65.97958374
2009-03-13,68.43821716
2009-03-16,69.31971741
2009-03-20,70.17014313
2009-03-23,70.91584778
2009-03-27,72.1786499
2009-03-30,73.40189362
2009-04-03,74.40236664
2009-04-06,74.74346924
2009-04-10,75.68888092
2009-04-13,76.87403107
2009-04-17,77.78767395
2009-04-20,78.69237518
2009-04-24,77.83332062
2009-04-27,77.53825378
2009-05-01,77.60289764
2009-05-04,77.34081268
2009-05-08,76.31935883
2009-05-11,75.35312653
2009-05-15,74.93680573
2009-05-18,74.8004837
2009-05-22,74.59628296
2009-05-25,73.55122375
2009-05-29,72.67412567
2009-06-01,70.9889679
2009-06-05,69.64923859
2009-06-08,69.14923096
2009-06-12,69.00154114
2009-06-15,67.82481384
2009-06-19,66.01319122
2009-06-22,64.849823
2009-06-26,62.71530914
2009-06-29,61.83214951
2009-07-03,59.65467834
2009-07-06,58.50486374
2009-07-10,57.45268631
2009-07-13,56.48595428
2009-07-17,55.33329773
2009-07-20,54.98020935
2009-07-24,54.46578598
2009-07-27,53.48365021
2009-07-31,51.98435593
2009-08-03,51.20717621
2009-08-07,50.4722786
2009-08-10,50.40327454
2009-08-14,48.57603836
2009-08-17,46.56248856
2009-08-21,44.19524765
2009-08-24,42.74134445
2009-08-28,41.25235367
2009-08-31,40.4365387
2009-09-04,39.2273674
2009-09-07,38.918293
2009-09-11,37.6618309
2009-09-14,36.7808876
2009-09-18,35.59626389
2009-09-21,34.84499359
2009-09-25,33.95124054
2009-09-28,33.26220703
2009-10-02,32.34171677
2009-10-05,31.65623474
2009-10-09,31.24757767
2009-10-12,30.90555
2009-10-16,30.20169067
2009-10-19,29.52740288
2009-10-23,28.72842979
2009-10-26,28.23992348
2009-10-30,27.68637657
2009-11-02,27.31875801
2009-11-06,27.54611015
2009-11-09,27.76645279
2009-11-13,27.34938049
2009-11-16,29.21658134
2009-11-20,30.89385986
2009-11-23,29.67757034
2009-11-27,28.41248894
2009-11-30,28.6160965
2009-12-04,28.53982735
2009-12-07,28.48716545
2009-12-11,28.85119247
2009-12-14,27.71035957
2009-12-18,25.32712364
2009-12-21,24.16381836
2009-12-25,23.39686775
2009-12-28,22.81579781
2010-01-02,24.38967323
2010-01-05,24.55172539
2010-01-09,23.3174057
2010-01-12,22.34687042
2010-01-16,22.14389038
2010-01-19,24.45946884
2010-01-23,27.37138557
2010-01-26,28.31575394
2010-01-30,28.30427933
2010-02-02,27.21752548
2010-02-06,27.25857735
2010-02-09,27.57309723
2010-02-13,27.93748665
2010-02-16,28.36104012
2010-02-20,30.10658073
2010-02-23,32.37895584
2010-02-27,35.14104462
2010-03-02,39.1114502
2010-03-06,39.84728241
2010-03-09,39.18980789
2010-03-13,39.53779602
2010-03-16,40.45350266
2010-03-20,42.4710083
2010-03-23,44.22919464
2010-03-27,47.04217148
2010-03-30,49.83901978
2010-04-03,53.22820282
2010-04-06,55.5255661
2010-04-10,55.84032059
2010-04-13,55.54549408
2010-04-17,55.82104874
2010-04-20,56.08942795
2010-04-24,56.62542343
2010-04-27,57.36436081
2010-05-01,58.39130783
2010-05-04,59.92409515
2010-05-08,61.28823853
2010-05-11,61.14535904
2010-05-15,60.79202652
2010-05-18,60.7469635
2010-05-22,60.28201675
2010-05-25,59.56707764
2010-05-29,59.65040588
2010-06-01,59.72909927
2010-06-05,58.61113358
2010-06-08,58.48540115
2010-06-12,58.38472366
2010-06-15,57.55477905
2010-06-19,56.32387924
2010-06-22,55.17917633
2010-06-26,53.8501358
2010-06-29,52.58216476
2010-07-03,51.46783829
2010-07-06,50.75463867
2010-07-10,49.36687088
2010-07-13,48.70100784
2010-07-17,47.49590302
2010-07-20,46.57093811
2010-07-24,45.49669266
2010-07-27,45.26078415
2010-07-31,43.82449722
2010-08-03,42.90730286
2010-08-07,42.09931946
2010-08-10,41.1329422
2010-08-14,40.48686218
2010-08-17,39.68733215
2010-08-21,38.75148392
2010-08-24,41.46871567
2010-08-28,69.02819824
2010-08-31,69.28045654
2010-09-04,50.36872101
2010-09-07,43.23773956
2010-09-11,39.0311203
2010-09-14,36.78510666
2010-09-18,34.22990417
2010-09-21,32.88941956
2010-09-25,31.6254406
2010-09-28,30.98566055
2010-10-02,31.92897987
2010-10-05,34.47562027
2010-10-09,33.44861221
2010-10-12,31.54887199
2010-10-16,29.31852913
2010-10-19,28.03220749
2010-10-23,26.81548119
2010-10-26,26.41389656
2010-10-30,26.03248787
2010-11-02,25.44802284
2010-11-06,24.55354309
2010-11-09,24.70671844
2010-11-13,25.46936607
2010-11-16,26.0671978
2010-11-20,25.5327816
2010-11-23,24.68860817
2010-11-27,23.41377068
2010-11-30,22.45517349
2010-12-04,21.5116291
2010-12-07,21.28609467
2010-12-11,20.7754612
2010-12-14,20.40787315
2010-12-18,20.03892326
2010-12-21,19.79769135
2010-12-25,19.42910004
2010-12-28,19.26831055
2011-01-02,19.47738647
2011-01-05,19.56981087
2011-01-09,20.71970558
2011-01-12,22.05991936
2011-01-16,24.21398735
2011-01-19,34.1883812
2011-01-23,32.47710037
2011-01-26,27.49082375
2011-01-30,23.7273407
2011-02-02,22.55433464
2011-02-06,21.72312546
2011-02-09,21.84731102
2011-02-13,22.71924019
2011-02-16,23.80851555
2011-02-20,25.16174889
2011-02-23,26.0217247
2011-02-27,26.95946693
2011-03-02,27.60685921
2011-03-06,28.32725143
2011-03-09,28.16502953
2011-03-13,28.19597435
2011-03-16,28.39035988
2011-03-20,29.31242371
2011-03-23,29.80809593
2011-03-27,30.40075111
2011-03-30,31.00963593
2011-04-03,31.72757339
2011-04-06,32.18656921
2011-04-10,32.5758934
2011-04-13,32.99254608
2011-04-17,33.61412048
2011-04-20,33.67806244
2011-04-24,33.62286377
2011-04-27,33.64892578
2011-05-01,33.58857727
2011-05-04,33.65071106
2011-05-08,33.80282974
2011-05-11,34.39317703
2011-05-15,34.69077683
2011-05-18,34.76418686
2011-05-22,34.04795837
2011-05-25,33.47436905
2011-05-29,33.45426178
2011-06-01,33.17813492
2011-06-05,32.56375504
2011-06-08,32.61714935
2011-06-12,32.53451157
2011-06-15,32.38343048
2011-06-19,32.37659836
2011-06-22,32.02333069
2011-06-26,31.56145477
2011-06-29,30.98965073
2011-07-03,30.1699543
2011-07-06,29.15063095
2011-07-10,28.67782211
2011-07-13,28.39463425
2011-07-17,27.96030998
2011-07-20,27.79308891
2011-07-24,27.29048347
2011-07-27,27.04384041
2011-07-31,26.04693794
2011-08-03,25.04968643
2011-08-07,24.96190262
2011-08-10,24.3112793
2011-08-14,24.00552177
2011-08-17,23.56388092
2011-08-21,23.54673958
2011-08-24,24.09230423
2011-08-28,24.69634247
2011-08-31,24.43613625
2011-09-04,23.41303635
2011-09-07,22.77592278
2011-09-11,21.71477318
2011-09-14,20.99810219
2011-09-18,20.42216301
2011-09-21,19.91405487
2011-09-25,19.48414421
2011-09-28,19.08568954
2011-10-02,18.36755562
2011-10-05,17.78376389
2011-10-09,17.32014656
2011-10-12,16.95547676
2011-10-16,16.82183647
2011-10-19,16.44907761
2011-10-23,16.07318687
2011-10-26,15.79556274
2011-10-30,15.53429222
2011-11-02,15.44663143
2011-11-06,15.4902935
2011-11-09,15.37801552
2011-11-13,15.20491028
2011-11-16,14.93521404
2011-11-20,14.61833096
2011-11-23,14.3036747
2011-11-27,13.72006702
2011-11-30,13.44777203
2011-12-04,13.22789192
2011-12-07,12.96819305
2011-12-11,12.77501869
2011-12-14,12.92406368
2011-12-18,13.50053024
2011-12-21,13.7954874
2011-12-25,13.81300354
2011-12-28,13.53551102
2012-01-02,13.82471943
2012-01-05,14.05271626
2012-01-09,13.91612911
2012-01-12,13.58355999
2012-01-16,12.7848196
2012-01-19,12.13118935
2012-01-23,11.34473896
2012-01-26,11.29628944
2012-01-30,11.40358925
2012-02-02,11.27811718
2012-02-06,11.12256718
2012-02-09,10.93236446
2012-02-13,10.70732689
2012-02-16,10.49010754
2012-02-20,10.23566055
2012-02-23,9.98503685
2012-02-27,9.74584198
2012-03-02,9.562426567
2012-03-06,9.654078484
2012-03-09,9.885578156
2012-03-13,9.979953766
2012-03-16,9.871429443
2012-03-20,9.773745537
2012-03-23,9.467020035
2012-03-27,9.11568737
2012-03-30,8.840948105
2012-04-03,8.661430359
2012-04-06,8.565924644
2012-04-10,8.72615242
2012-04-13,8.780688286
2012-04-17,8.797348976
2012-04-20,9.144034386
2012-04-24,9.716790199
2012-04-27,12.85270786
2012-05-01,29.06245232
2012-05-04,45.09957504
2012-05-08,37.15856552
2012-05-11,32.3772583
2012-05-15,26.45925903
2012-05-18,21.6510601
2012-05-22,16.63888359
2012-05-25,13.96301079
2012-05-29,11.83957291
2012-06-01,11.24943066
2012-06-05,11.4775238
2012-06-08,11.88753796
2012-06-12,21.9501133
2012-06-15,23.5742569
2012-06-19,22.20318413
2012-06-22,21.94961739
2012-06-26,27.76979256
2012-06-29,29.8569622
2012-07-03,27.1455822
2012-07-06,25.34584618
2012-07-10,33.01927567
2012-07-13,32.29726791
2012-07-17,30.1507988
2012-07-20,28.06072426
2012-07-24,24.48268318
2012-07-27,21.73825836
2012-07-31,19.06377411
2012-08-03,18.08817863
2012-08-07,18.21101189
2012-08-10,18.53786469
2012-08-14,18.94131088
2012-08-17,19.15110588
2012-08-21,26.35396194
2012-08-24,26.39599037
2012-08-28,23.76854706
2012-08-31,24.25702095
2012-09-04,24.65644264
2012-09-07,23.56410408
2012-09-11,22.06822014
2012-09-14,21.54859352
2012-09-18,21.14419937
2012-09-21,21.21604919
2012-09-25,22.18866348
2012-09-28,26.03373146
2012-10-02,32.53865433
2012-10-05,29.45188141
2012-10-09,28.49213982
2012-10-12,29.28780937
2012-10-16,27.93692398
2012-10-19,27.92438316
2012-10-23,27.73540878
2012-10-26,26.43959999
2012-10-30,25.17543221
2012-11-02,25.34804153
2012-11-06,33.44280243
2012-11-09,40.03277969
2012-11-13,35.55852509
2012-11-16,32.04834747
2012-11-20,29.31125641
2012-11-23,33.15319824
2012-11-27,74.50016022
2012-11-30,67.13622284
2012-12-04,51.8600235
2012-12-07,49.32625198
2012-12-11,50.70210648
2012-12-14,52.91891098
2012-12-18,58.15724182
2012-12-21,64.28085327
2012-12-25,86.33750916
2012-12-28,87.28343201
2013-01-02,84.96006012
2013-01-05,86.45032501
2013-01-09,90.35987854
2013-01-12,94.53205109
2013-01-16,100.1561508
2013-01-19,103.1743088
2013-01-23,106.3502197
2013-01-26,108.385788
2013-01-30,116.0395737
2013-02-02,118.6173706
2013-02-06,116.595108
2013-02-09,116.0757446
2013-02-13,118.3281403
2013-02-16,121.1029587
2013-02-20,119.7832108
2013-02-23,117.8222046
2013-02-27,116.6679077
2013-03-02,116.4071884
2013-03-06,116.315094
2013-03-09,117.4516754
2013-03-13,118.0308533
2013-03-16,118.3107452
2013-03-20,122.6984024
2013-03-23,122.6818314
2013-03-27,121.964325
2013-03-30,120.3688354
2013-04-03,118.9385452
2013-04-06,118.5036545
2013-04-10,118.4329681
2013-04-13,119.4134064
2013-04-17,119.3382034
2013-04-20,118.6656189
2013-04-24,117.8166122
2013-04-27,117.5924149
2013-05-01,117.0679245
2013-05-04,116.0988312
2013-05-08,114.9772949
2013-05-11,114.2318115
2013-05-15,113.81987
2013-05-18,113.3674545
2013-05-22,111.4871292
2013-05-25,109.8979645
2013-05-29,108.4086227
2013-06-01,107.2596283
2013-06-05,103.9392242
2013-06-08,101.6188965
2013-06-12,99.87077332
2013-06-15,97.85346985
2013-06-19,95.82530975
2013-06-22,94.22316742
2013-06-26,91.67677307
2013-06-29,89.90589142
2013-07-03,87.42639923
2013-07-06,85.34163666
2013-07-10,82.12745667
2013-07-13,80.33093262
2013-07-17,77.91790009
2013-07-20,76.03287506
2013-07-24,74.03768921
2013-07-27,73.97624207
2013-07-31,73.09320831
2013-08-03,70.96684265
2013-08-07,68.52030945
2013-08-10,66.8611145
2013-08-14,64.42818451
2013-08-17,62.79800034
2013-08-21,60.39550018
2013-08-24,59.18628311
2013-08-28,57.48503494
2013-08-31,55.83141708
2013-09-04,53.90076447
2013-09-07,52.63454056
2013-09-11,51.27957535
2013-09-14,50.8730545
2013-09-18,49.59392929
2013-09-21,48.38142776
2013-09-25,46.40635681
2013-09-28,44.96387863
2013-10-02,43.3134346
2013-10-05,42.68510056
2013-10-09,41.60773087
2013-10-12,40.44765091
2013-10-16,39.95358276
2013-10-19,40.0502243
2013-10-23,40.15758514
2013-10-26,39.68328094
2013-10-30,45.96865463
2013-11-02,43.18994522
2013-11-06,41.46546555
2013-11-09,40.41429138
2013-11-13,39.67540741
2013-11-16,38.06835175
2013-11-20,34.82794189
2013-11-23,32.747509
2013-11-27,30.89923859
2013-11-30,29.69229317
2013-12-04,28.39074707
2013-12-07,27.47924423
2013-12-11,26.60560799
2013-12-14,26.01226425
2013-12-18,26.31673431
2013-12-21,27.55875778
2013-12-25,44.68397522
2013-12-28,54.24633789
2014-01-02,46.63695908
2014-01-05,52.42770004
2014-01-09,50.0247879
2014-01-12,42.98399353
2014-01-16,38.41635895
2014-01-19,37.0682869
2014-01-23,37.25792694
2014-01-26,39.15885925
2014-01-30,44.12635422
2014-02-02,48.46311951
2014-02-06,54.15681458
2014-02-09,64.93412781
2014-02-13,74.88413239
2014-02-16,84.36904144
2014-02-20,90.02481842
2014-02-23,94.85296631
2014-02-27,104.6217804
2014-03-02,115.0788727
2014-03-06,126.749115
2014-03-09,130.4308014
2014-03-13,135.3887939
2014-03-16,138.6051025
2014-03-20,142.3454132
2014-03-23,144.6743317
2014-03-27,147.0421143
2014-03-30,147.0430603
2014-04-03,146.2742767
2014-04-06,145.7710419
2014-04-10,144.1862335
2014-04-13,141.6287689
2014-04-17,138.0014954
2014-04-20,135.7858429
2014-04-24,134.3745575
2014-04-27,135.30336
2014-05-01,140.4773712
2014-05-04,136.1723328
2014-05-08,130.4998169
2014-05-11,127.5267639
2014-05-15,125.2709122
2014-05-18,122.7493134
2014-05-22,120.0226974
2014-05-25,119.2562943
2014-05-29,120.1259613
2014-06-01,118.3921204
2014-06-05,114.8356705
2014-06-08,112.9377289
2014-06-12,109.6589279
2014-06-15,107.3192368
2014-06-19,104.3682175
2014-06-22,102.1281433
2014-06-26,99.04775238
2014-06-29,97.71339417
2014-07-03,95.80482483
2014-07-06,93.68250275
2014-07-10,91.10726166
2014-07-13,89.56163025
2014-07-17,86.76670837
2014-07-20,85.64993286
2014-07-24,83.14266205
2014-07-27,80.89452362
2014-07-31,78.18395996
2014-08-03,76.52928162
2014-08-07,74.31990814
2014-08-10,73.45953369
2014-08-14,71.70996094
2014-08-17,70.47827911
2014-08-21,67.7410202
2014-08-24,65.72303772
2014-08-28,64.38089752
2014-08-31,62.80272293
2014-09-04,60.57246017
2014-09-07,58.93044662
2014-09-11,56.54139709
2014-09-14,54.96386719
2014-09-18,52.91283035
2014-09-21,51.87379456
2014-09-25,50.14388657
2014-09-28,48.84605026
2014-10-02,47.19795227
2014-10-05,46.27005005
2014-10-09,45.24914551
2014-10-12,44.86349869
2014-10-16,51.09366608
2014-10-19,50.43776703
2014-10-23,45.59225845
2014-10-26,42.98041153
2014-10-30,40.47937775
2014-11-02,38.93099594
2014-11-06,38.25679779
2014-11-09,38.27775955
2014-11-13,38.0831604
2014-11-16,38.34096527
2014-11-20,37.59012604
2014-11-23,37.30498505
2014-11-27,38.71402359
2014-11-30,37.44142532
2014-12-04,34.39835358
2014-12-07,32.44303131
2014-12-11,30.42506027
2014-12-14,30.14919662
2014-12-18,30.33716202
2014-12-21,30.28956413
2014-12-25,29.46665764
2014-12-28,29.47296333
2015-01-02,28.76855087
2015-01-05,29.5672245
2015-01-09,32.10015488
2015-01-12,33.62474823
2015-01-16,33.97005463
2015-01-19,35.11616135
2015-01-23,33.59341812
2015-01-26,32.43738174
2015-01-30,31.42253494
2015-02-02,31.10512733
2015-02-06,31.14748383
2015-02-09,31.40596962
2015-02-13,31.91219902
2015-02-16,32.85958862
2015-02-20,34.75559616
2015-02-23,36.34584045
2015-02-27,37.65554047
2015-03-02,37.8613472
2015-03-06,38.13477707
2015-03-09,38.38589096
2015-03-13,38.59386826
2015-03-16,39.1958847
2015-03-20,40.21131516
2015-03-23,40.82753372
2015-03-27,41.62572479
2015-03-30,42.33812714
2015-04-03,43.35468292
2015-04-06,44.15158081
2015-04-10,44.37183762
2015-04-13,44.30399704
2015-04-17,44.13964844
2015-04-20,44.37260437
2015-04-24,44.41416168
2015-04-27,44.81650925
2015-05-01,44.87575531
2015-05-04,45.07228851
2015-05-08,45.44706345
2015-05-11,45.47045517
2015-05-15,45.57782364
2015-05-18,45.18135452
2015-05-22,45.13502502
2015-05-25,45.13900757
2015-05-29,43.86074066
2015-06-01,43.50831985
2015-06-05,42.48965836
2015-06-08,41.86983109
2015-06-12,40.79218292
2015-06-15,40.76754379
2015-06-19,39.73217011
2015-06-22,39.46513367
2015-06-26,38.37894058
2015-06-29,37.78908157
2015-07-03,36.64307022
2015-07-06,36.19081116
2015-07-10,35.48967361
2015-07-13,35.2714386
2015-07-17,34.52858353
2015-07-20,33.88299179
2015-07-24,33.37529755
2015-07-27,33.9298172
2015-07-31,33.87753296
2015-08-03,32.79114151
2015-08-07,31.49701881
2015-08-10,30.61133385
2015-08-14,30.49289322
2015-08-17,30.29136086
2015-08-21,30.00497246
2015-08-24,29.9940567
2015-08-28,34.0995903
2015-08-31,37.96583176
2015-09-04,37.34289932
2015-09-07,33.20749664
2015-09-11,28.82396507
2015-09-14,27.00798416
2015-09-18,26.62922287
2015-09-21,26.58585739
2015-09-25,26.78953171
2015-09-28,25.82848358
2015-10-02,24.15757942
2015-10-05,23.11672783
2015-10-09,23.8251152
2015-10-12,23.45621872
2015-10-16,22.34918213
2015-10-19,21.30656433
2015-10-23,20.50892448
2015-10-26,20.18173599
2015-10-30,19.94256783
2015-11-02,19.7478981
2015-11-06,19.4911747
2015-11-09,20.19231415
2015-11-13,20.03451538
2015-11-16,19.57091141
2015-11-20,19.10832405
2015-11-23,18.77200317
2015-11-27,18.55269241
2015-11-30,17.97951317
2015-12-04,17.49947548
2015-12-07,17.19285774
2015-12-11,17.34010887
2015-12-14,17.27731133
2015-12-18,17.26288033
2015-12-21,17.14229965
2015-12-25,17.13739204
2015-12-28,16.92786026
2016-01-02,17.62075806
2016-01-05,23.62701035
2016-01-09,29.32219696
2016-01-12,35.0460968
2016-01-16,31.69181824
2016-01-19,26.4777317
2016-01-23,22.4110527
2016-01-26,21.07386589
2016-01-30,20.37792015
2016-02-02,20.20995903
2016-02-06,20.21616173
2016-02-09,21.4397068
2016-02-13,24.36163139
2016-02-16,25.09843636
2016-02-20,25.25138664
2016-02-23,25.76217651
2016-02-27,26.05792809
2016-03-02,26.22171593
2016-03-06,27.72625542
2016-03-09,29.29465485
2016-03-13,52.0893898
2016-03-16,53.40835571
2016-03-20,42.45835114
2016-03-23,38.84751511
2016-03-27,38.17523193
2016-03-30,42.96586609
2016-04-03,47.4047966
2016-04-06,45.6679039
2016-04-10,44.784832
2016-04-13,45.55437469
2016-04-17,47.62613678
2016-04-20,47.60356522
2016-04-24,47.12859726
2016-04-27,47.0627594
2016-05-01,47.28095245
2016-05-04,47.71792221
2016-05-08,47.59606552
2016-05-11,48.76826096
2016-05-15,49.89631653
2016-05-18,50.49901962
2016-05-22,51.06188202
2016-05-25,51.26921844
2016-05-29,50.61196899
2016-06-01,51.13883591
2016-06-05,50.71013641
2016-06-08,50.58511353
2016-06-12,50.69929123
2016-06-15,51.30984116
2016-06-19,56.12409973
2016-06-22,58.35408401
2016-06-26,64.15044403
2016-06-29,59.14873886
2016-07-03,54.19447327
2016-07-06,51.65694427
2016-07-10,49.43859482
2016-07-13,48.45401382
2016-07-17,47.73097229
2016-07-20,46.2883606
2016-07-24,45.61698532
2016-07-27,45.22291946
2016-07-31,44.39064026
2016-08-03,44.92057037
2016-08-07,44.33916092
2016-08-10,43.64988709
2016-08-14,42.38384628
2016-08-17,41.44562912
2016-08-21,40.66897583
2016-08-24,40.02607727
2016-08-28,39.88259506
2016-08-31,39.62910843
2016-09-04,39.19377899
2016-09-07,38.70239639
2016-09-11,37.75759506
2016-09-14,36.73853683
2016-09-18,36.69629288
2016-09-21,36.29860306
2016-09-25,34.98677063
2016-09-28,34.25458145
2016-10-02,33.44601059
2016-10-05,32.67705154
2016-10-09,31.99904251
2016-10-12,31.35616684
2016-10-16,30.55706215
2016-10-19,30.23177147
2016-10-23,29.91286087
2016-10-26,29.51980782
2016-10-30,28.85513878
2016-11-02,28.31278038
2016-11-06,27.4926033
2016-11-09,27.10300827
2016-11-13,27.69486618
2016-11-16,27.965271
2016-11-20,27.85072899
2016-11-23,30.82351303
2016-11-27,36.3756218
2016-11-30,33.65559387
2016-12-04,28.76913834
2016-12-07,26.49769974
2016-12-11,24.74474907
2016-12-14,24.27915001
2016-12-18,23.98572731
2016-12-21,23.33062553
2016-12-25,22.24990273
2016-12-28,21.72512627