Datetime,1 Day Persistence
1997-01-02,16.659935
1997-01-05,16.28310204
1997-01-09,15.82835674
1997-01-12,15.57239914
1997-01-16,15.28607082
1997-01-19,15.09511185
1997-01-23,14.88910484
1997-01-26,14.91532898
1997-01-30,14.69752026
1997-02-02,14.46306324
1997-02-06,14.23710632
1997-02-09,14.1671257
1997-02-13,14.22585106
1997-02-16,14.71708202
1997-02-20,15.20691967
1997-02-23,15.55391026
1997-02-27,16.46961021
1997-03-02,17.01663971
1997-03-06,17.33978081
1997-03-09,16.94508362
1997-03-13,15.94187737
1997-03-16,15.13510418
1997-03-20,14.22952366
1997-03-23,13.81304073
1997-03-27,13.68421745
1997-03-30,13.33529663
1997-04-03,13.25622463
1997-04-06,13.0360136
1997-04-10,12.86015701
1997-04-13,12.73784447
1997-04-17,12.75562668
1997-04-20,12.74765015
1997-04-24,12.62528801
1997-04-27,12.81410694
1997-05-01,12.6124506
1997-05-04,12.45726395
1997-05-08,12.52960491
1997-05-11,12.78651333
1997-05-15,13.21726418
1997-05-18,13.66848755
1997-05-22,15.04072285
1997-05-25,16.77034569
1997-05-29,17.36739922
1997-06-01,15.69686985
1997-06-05,13.58257389
1997-06-08,12.86386299
1997-06-12,12.21370983
1997-06-15,12.1841507
1997-06-19,12.15256691
1997-06-22,12.47383308
1997-06-26,12.78219604
1997-06-29,13.78599453
1997-07-03,14.15814495
1997-07-06,14.21550179
1997-07-10,13.55098152
1997-07-13,12.85147285
1997-07-17,11.97769642
1997-07-20,11.5860815
1997-07-24,10.70186043
1997-07-27,10.49705887
1997-07-31,9.956830978
1997-08-03,10.08495808
1997-08-07,9.970294952
1997-08-10,10.2252121
1997-08-14,10.49085808
1997-08-17,10.61778736
1997-08-21,10.1721859
1997-08-24,10.01527596
1997-08-28,10.02432919
1997-08-31,9.978775978
1997-09-04,11.37449837
1997-09-07,12.61282635
1997-09-11,12.30220413
1997-09-14,11.46859074
1997-09-18,10.35925293
1997-09-21,9.79281044
1997-09-25,9.228993416
1997-09-28,9.056964874
1997-10-02,8.743652344
1997-10-05,8.436361313
1997-10-09,8.322841644
1997-10-12,8.601615906
1997-10-16,9.739884377
1997-10-19,10.67918205
1997-10-23,11.32080555
1997-10-26,10.84259701
1997-10-30,9.772303581
1997-11-02,9.180785179
1997-11-06,8.557087898
1997-11-09,8.514098167
1997-11-13,8.487036705
1997-11-16,8.508788109
1997-11-20,8.615592957
1997-11-23,8.94299221
1997-11-27,9.188337326
1997-11-30,9.701457977
1997-12-04,11.16404152
1997-12-07,12.34280109
1997-12-11,11.72747517
1997-12-14,10.78877735
1997-12-18,9.621204376
1997-12-21,9.654975891
1997-12-25,9.493710518
1997-12-28,9.999222755
1998-01-02,10.86548901
1998-01-05,16.68965149
1998-01-09,26.25752258
1998-01-12,23.50298119
1998-01-16,17.85767365
1998-01-19,15.35107327
1998-01-23,14.96927547
1998-01-26,14.1611166
1998-01-30,12.95508194
1998-02-02,12.08293056
1998-02-06,11.46286964
1998-02-09,11.32394791
1998-02-13,11.47135639
1998-02-16,11.79666138
1998-02-20,12.21622658
1998-02-23,12.58848
1998-02-27,13.2075491
1998-03-02,13.50536442
1998-03-06,14.42921925
1998-03-09,15.98486137
1998-03-13,18.31528664
1998-03-16,19.08718681
1998-03-20,18.74228668
1998-03-23,18.33084869
1998-03-27,18.30499649
1998-03-30,18.93975067
1998-04-03,20.36424828
1998-04-06,21.41222763
1998-04-10,25.38960457
1998-04-13,31.28435898
1998-04-17,34.45892334
1998-04-20,33.18241501
1998-04-24,30.86268425
1998-04-27,31.65237617
1998-05-01,34.67069626
1998-05-04,33.82802963
1998-05-08,31.50593948
1998-05-11,30.57699394
1998-05-15,30.86344147
1998-05-18,31.47292137
1998-05-22,32.33588028
1998-05-25,33.33945847
1998-05-29,34.77454758
1998-06-01,35.19628143
1998-06-05,36.88072968
1998-06-08,37.9197998
1998-06-12,38.7017746
1998-06-15,39.889534
1998-06-19,41.66331863
1998-06-22,40.76899338
1998-06-26,39.87565994
1998-06-29,40.0303688
1998-07-03,41.19892883
1998-07-06,41.09034348
1998-07-10,40.12688828
1998-07-13,39.68736267
1998-07-17,39.15934372
1998-07-20,39.01309204
1998-07-24,38.34067535
1998-07-27,37.8819809
1998-07-31,37.50857544
1998-08-03,37.57855988
1998-08-07,37.01151657
1998-08-10,36.28910065
1998-08-14,35.29177475
1998-08-17,34.91789246
1998-08-21,34.43654251
1998-08-24,34.40954208
1998-08-28,34.19477463
1998-08-31,33.85235977
1998-09-04,33.31253815
1998-09-07,33.47724915
1998-09-11,33.20691299
1998-09-14,33.22238922
1998-09-18,33.09230804
1998-09-21,32.60615158
1998-09-25,31.35410309
1998-09-28,31.12109184
1998-10-02,37.4716301
1998-10-05,42.76588058
1998-10-09,37.69545746
1998-10-12,34.29354858
1998-10-16,31.48544121
1998-10-19,30.84502983
1998-10-23,30.89459801
1998-10-26,40.86181641
1998-10-30,51.82254791
1998-11-02,64.1118927
1998-11-06,69.42528534
1998-11-09,54.02677536
1998-11-13,43.24580765
1998-11-16,39.95420837
1998-11-20,35.60335541
1998-11-23,32.72087479
1998-11-27,31.08200073
1998-11-30,31.10486984
1998-12-04,31.08944893
1998-12-07,30.93798637
1998-12-11,31.41597748
1998-12-14,36.44090271
1998-12-18,42.03792953
1998-12-21,40.56654358
1998-12-25,40.13316727
1998-12-28,45.64159012
1999-01-02,46.32229996
1999-01-05,44.50690079
1999-01-09,44.31621552
1999-01-12,44.36972046
1999-01-16,45.86833191
1999-01-19,51.10126114
1999-01-23,53.41567612
1999-01-26,53.338974
1999-01-30,50.38102722
1999-02-02,49.27539444
1999-02-06,47.58095551
1999-02-09,47.43356705
1999-02-13,48.26942444
1999-02-16,49.09885788
1999-02-20,50.02936172
1999-02-23,50.88235855
1999-02-27,52.67879868
1999-03-02,54.19415665
1999-03-06,56.15990448
1999-03-09,57.24779892
1999-03-13,58.07749939
1999-03-16,58.75922394
1999-03-20,59.20058823
1999-03-23,59.36466599
1999-03-27,60.1942215
1999-03-30,60.54616547
1999-04-03,60.99556351
1999-04-06,61.72615814
1999-04-10,61.88606262
1999-04-13,61.84972382
1999-04-17,62.66818619
1999-04-20,63.12429047
1999-04-24,64.72608185
1999-04-27,66.86785126
1999-05-01,67.30220795
1999-05-04,65.26136017
1999-05-08,63.69591904
1999-05-11,63.80649185
1999-05-15,65.94077301
1999-05-18,66.03660584
1999-05-22,64.11183167
1999-05-25,62.84138107
1999-05-29,60.83659744
1999-06-01,60.70078278
1999-06-05,61.50382996
1999-06-08,62.40808487
1999-06-12,61.6517334
1999-06-15,60.45843124
1999-06-19,58.13217163
1999-06-22,56.96028519
1999-06-26,55.96638107
1999-06-29,55.07785416
1999-07-03,54.80225372
1999-07-06,54.56463242
1999-07-10,54.13261795
1999-07-13,52.85002136
1999-07-17,51.58058167
1999-07-20,50.28121185
1999-07-24,49.48893738
1999-07-27,48.31768417
1999-07-31,46.89658356
1999-08-03,46.20978928
1999-08-07,46.39242172
1999-08-10,64.33615112
1999-08-14,69.14472198
1999-08-17,61.87834549
1999-08-21,59.08508301
1999-08-24,55.52862549
1999-08-28,49.51444244
1999-08-31,47.3055191
1999-09-04,43.84408951
1999-09-07,41.73231125
1999-09-11,40.0321846
1999-09-14,38.99794388
1999-09-18,38.11465454
1999-09-21,38.23376083
1999-09-25,46.11453629
1999-09-28,51.23551559
1999-10-02,49.99814987
1999-10-05,46.16462326
1999-10-09,41.6851387
1999-10-12,38.46469498
1999-10-16,35.39350128
1999-10-19,33.82024765
1999-10-23,32.59657288
1999-10-26,34.09363556
1999-10-30,37.59051514
1999-11-02,35.91005707
1999-11-06,33.4849205
1999-11-09,32.7269516
1999-11-13,32.65036774
1999-11-16,31.5180397
1999-11-20,30.06778526
1999-11-23,29.58617592
1999-11-27,29.070158
1999-11-30,28.78978157
1999-12-04,28.88418961
1999-12-07,28.73586845
1999-12-11,28.35285568
1999-12-14,29.07742691
1999-12-18,31.51141357
1999-12-21,31.72657013
1999-12-25,36.38936996
1999-12-28,70.54389954
2000-01-02,50.83882523
2000-01-05,42.93872833
2000-01-09,38.30061722
2000-01-12,36.20713043
2000-01-16,35.03912354
2000-01-19,35.29936981
2000-01-23,35.8776741
2000-01-26,36.47782516
2000-01-30,37.3396492
2000-02-02,38.1317215
2000-02-06,40.09643936
2000-02-09,41.59846878
2000-02-13,43.85529709
2000-02-16,45.171978
2000-02-20,46.06387329
2000-02-23,46.64424133
2000-02-27,47.7991066
2000-03-02,51.57130432
2000-03-06,59.76794815
2000-03-09,57.87861633
2000-03-13,54.54424286
2000-03-16,53.5889473
2000-03-20,53.42398834
2000-03-23,53.77858353
2000-03-27,54.84715652
2000-03-30,55.84860992
2000-04-03,56.89802551
2000-04-06,60.05896378
2000-04-10,62.00447464
2000-04-13,62.19112015
2000-04-17,64.54915619
2000-04-20,66.97708893
2000-04-24,69.26029968
2000-04-27,68.96218872
2000-05-01,68.72641754
2000-05-04,67.71450043
2000-05-08,65.40261841
2000-05-11,65.26873779
2000-05-15,65.94003296
2000-05-18,65.79631042
2000-05-22,67.2879715
2000-05-25,68.85282135
2000-05-29,75.43702698
2000-06-01,82.46131134
2000-06-05,79.6133194
2000-06-08,75.49782562
2000-06-12,71.8932724
2000-06-15,70.78006744
2000-06-19,69.14523315
2000-06-22,68.82358551
2000-06-26,69.21669769
2000-06-29,68.95789337
2000-07-03,68.85865784
2000-07-06,70.10357666
2000-07-10,70.39244843
2000-07-13,70.62359619
2000-07-17,69.43166351
2000-07-20,67.66531372
2000-07-24,65.5475235
2000-07-27,65.02775574
2000-07-31,63.78886414
2000-08-03,62.96327972
2000-08-07,62.53751755
2000-08-10,62.07144165
2000-08-14,60.65691376
2000-08-17,59.68241119
2000-08-21,58.9511528
2000-08-24,58.20051956
2000-08-28,57.17002869
2000-08-31,56.51813889
2000-09-04,55.77861786
2000-09-07,55.00613785
2000-09-11,53.79918671
2000-09-14,52.58786392
2000-09-18,52.18644333
2000-09-21,57.8878212
2000-09-25,59.27800369
2000-09-28,62.52255249
2000-10-02,62.05157471
2000-10-05,56.9679718
2000-10-09,52.01939392
2000-10-12,62.04763412
2000-10-16,66.25772095
2000-10-19,58.47746658
2000-10-23,55.7208786
2000-10-26,50.27344513
2000-10-30,47.40076447
2000-11-02,58.25440598
2000-11-06,83.75595093
2000-11-09,106.3715897
2000-11-13,82.51741028
2000-11-16,68.94184113
2000-11-20,58.05723572
2000-11-23,55.5178833
2000-11-27,57.97630692
2000-11-30,60.96459579
2000-12-04,63.32513428
2000-12-07,65.01159668
2000-12-11,79.13964081
2000-12-14,84.83210754
2000-12-18,88.1426239
2000-12-21,89.16441345
2000-12-25,96.04450226
2000-12-28,103.9263153
2001-01-02,115.0701599
2001-01-05,123.2189407
2001-01-09,133.5679321
2001-01-12,134.0309753
2001-01-16,136.0290833
2001-01-19,138.2746124
2001-01-23,141.6720734
2001-01-26,147.9741974
2001-01-30,153.0138855
2001-02-02,151.7339935
2001-02-06,153.9487457
2001-02-09,160.6401978
2001-02-13,169.2161713
2001-02-16,189.1039124
2001-02-20,175.0852051
2001-02-23,171.7626038
2001-02-27,172.5834656
2001-03-02,175.1525116
2001-03-06,176.6950378
2001-03-09,178.0749054
2001-03-13,179.8627625
2001-03-16,179.9630737
2001-03-20,183.1953583
2001-03-23,181.9062347
2001-03-27,181.18013
2001-03-30,179.9922943
2001-04-03,177.6035004
2001-04-06,176.758728
2001-04-10,177.7228851
2001-04-13,176.2052917
2001-04-17,172.6168823
2001-04-20,170.9234772
2001-04-24,169.9168701
2001-04-27,170.7098541
2001-05-01,170.921814
2001-05-04,168.9389191
2001-05-08,165.5762329
2001-05-11,163.9837494
2001-05-15,163.2515869
2001-05-18,161.7832642
2001-05-22,160.0592804
2001-05-25,156.5398712
2001-05-29,153.4676971
2001-06-01,151.015274
2001-06-05,148.4571838
2001-06-08,146.107132
2001-06-12,143.3739319
2001-06-15,140.954483
2001-06-19,139.1526489
2001-06-22,136.2955017
2001-06-26,132.3344269
2001-06-29,129.7776947
2001-07-03,126.7307739
2001-07-06,123.5943298
2001-07-10,123.4056473
2001-07-13,123.3638535
2001-07-17,118.1172638
2001-07-20,115.362587
2001-07-24,111.7718811
2001-07-27,108.1739197
2001-07-31,103.6246338
2001-08-03,101.6503983
2001-08-07,98.71585846
2001-08-10,97.38423157
2001-08-14,95.46418762
2001-08-17,91.98866272
2001-08-21,89.40366364
2001-08-24,87.08618164
2001-08-28,84.08097076
2001-08-31,81.94895172
2001-09-04,79.08227539
2001-09-07,76.88349152
2001-09-11,74.27397919
2001-09-14,72.51696014
2001-09-18,69.98724365
2001-09-21,68.79246521
2001-09-25,66.68635559
2001-09-28,65.25009918
2001-10-02,64.52994537
2001-10-05,65.07086945
2001-10-09,64.40087891
2001-10-12,63.4484024
2001-10-16,59.973423
2001-10-19,57.99023056
2001-10-23,58.0198555
2001-10-26,60.49749374
2001-10-30,61.94816971
2001-11-02,57.11238861
2001-11-06,52.26572037
2001-11-09,49.84046173
2001-11-13,48.22379684
2001-11-16,46.97231674
2001-11-20,45.22538757
2001-11-23,43.78910065
2001-11-27,42.50779724
2001-11-30,41.80218506
2001-12-04,41.79778671
2001-12-07,41.98832321
2001-12-11,41.62313843
2001-12-14,40.36717224
2001-12-18,38.50258255
2001-12-21,37.50855637
2001-12-25,36.40520477
2001-12-28,35.86941147
2002-01-02,35.10179901
2002-01-05,34.58917999
2002-01-09,34.06193542
2002-01-12,33.84848404
2002-01-16,33.66764069
2002-01-19,33.64494705
2002-01-23,33.19599915
2002-01-26,33.85230255
2002-01-30,37.00088882
2002-02-02,38.85402298
2002-02-06,46.70978165
2002-02-09,52.47618485
2002-02-13,44.5955658
2002-02-16,40.48695374
2002-02-20,37.93245316
2002-02-23,37.53844452
2002-02-27,38.74460602
2002-03-02,40.61628723
2002-03-06,41.35273361
2002-03-09,40.99217606
2002-03-13,41.32432556
2002-03-16,43.00153732
2002-03-20,47.37895584
2002-03-23,49.57182312
2002-03-27,49.32041168
2002-03-30,48.27724075
2002-04-03,47.92897034
2002-04-06,47.98565674
2002-04-10,48.6035614
2002-04-13,49.0848999
2002-04-17,49.87752914
2002-04-20,50.44565201
2002-04-24,50.86229324
2002-04-27,51.36452866
2002-05-01,52.23843384
2002-05-04,53.46862793
2002-05-08,54.32381439
2002-05-11,54.19421005
2002-05-15,54.23731995
2002-05-18,53.92053986
2002-05-22,54.4250946
2002-05-25,54.70912552
2002-05-29,56.13034821
2002-06-01,56.38666153
2002-06-05,54.69638062
2002-06-08,55.27935028
2002-06-12,55.53003311
2002-06-15,54.82214737
2002-06-19,52.27592087
2002-06-22,50.92166519
2002-06-26,49.56860352
2002-06-29,48.56092834
2002-07-03,47.72231293
2002-07-06,48.13447571
2002-07-10,48.690979
2002-07-13,48.75679016
2002-07-17,48.02966309
2002-07-20,46.57367325
2002-07-24,45.02004623
2002-07-27,43.83820343
2002-07-31,42.75860977
2002-08-03,43.01306534
2002-08-07,43.87292099
2002-08-10,43.98088837
2002-08-14,44.69410706
2002-08-17,43.89268112
2002-08-21,41.2526741
2002-08-24,39.77043915
2002-08-28,38.4481163
2002-08-31,37.6238327
2002-09-04,36.39115143
2002-09-07,35.60219955
2002-09-11,35.43151855
2002-09-14,35.75104141
2002-09-18,35.13172531
2002-09-21,34.0389061
2002-09-25,32.69474411
2002-09-28,31.96346283
2002-10-02,31.09025955
2002-10-05,30.44223213
2002-10-09,29.78524399
2002-10-12,29.20889091
2002-10-16,29.32662201
2002-10-19,30.7471714
2002-10-23,33.57118225
2002-10-26,32.79950714
2002-10-30,31.30821419
2002-11-02,30.34743881
2002-11-06,29.62044907
2002-11-09,29.88342667
2002-11-13,31.54948616
2002-11-16,39.78219986
2002-11-20,43.78290939
2002-11-23,38.52754211
2002-11-27,32.66546249
2002-11-30,29.89447594
2002-12-04,27.86252022
2002-12-07,27.46936035
2002-12-11,26.79500961
2002-12-14,26.12101936
2002-12-18,26.30649948
2002-12-21,26.5445118
2002-12-25,30.59851265
2002-12-28,36.39932632
2003-01-02,61.42795181
2003-01-05,82.460289
2003-01-09,65.2894516
2003-01-12,54.52877045
2003-01-16,51.54357529
2003-01-19,53.32865524
2003-01-23,61.46234131
2003-01-26,65.56606293
2003-01-30,66.94905853
2003-02-02,68.61296082
2003-02-06,71.24636841
2003-02-09,73.1424408
2003-02-13,76.97947693
2003-02-16,79.19074249
2003-02-20,80.29376984
2003-02-23,81.11054993
2003-02-27,82.24687195
2003-03-02,83.64068604
2003-03-06,85.91998291
2003-03-09,87.57085419
2003-03-13,88.6812973
2003-03-16,88.64015198
2003-03-20,89.00931549
2003-03-23,89.39002228
2003-03-27,89.72344971
2003-03-30,89.92539978
2003-04-03,90.35649872
2003-04-06,90.39904022
2003-04-10,90.54181671
2003-04-13,90.41493225
2003-04-17,89.48644257
2003-04-20,88.72221375
2003-04-24,88.2144928
2003-04-27,87.8212738
2003-05-01,86.79524994
2003-05-04,86.24282074
2003-05-08,84.69411469
2003-05-11,83.62466431
2003-05-15,81.81012726
2003-05-18,81.01512909
2003-05-22,79.59689331
2003-05-25,78.51882172
2003-05-29,76.88290405
2003-06-01,74.77728271
2003-06-05,73.32250214
2003-06-08,72.07150269
2003-06-12,70.4160614
2003-06-15,68.77164459
2003-06-19,66.67221069
2003-06-22,64.97009277
2003-06-26,63.52278519
2003-06-29,62.41637802
2003-07-03,60.77043152
2003-07-06,59.81122589
2003-07-10,57.72901154
2003-07-13,55.63568497
2003-07-17,53.29798126
2003-07-20,52.57047272
2003-07-24,51.15935898
2003-07-27,50.66337585
2003-07-31,49.75056839
2003-08-03,49.15562058
2003-08-07,46.65016937
2003-08-10,45.07561493
2003-08-14,43.20608139
2003-08-17,42.03266525
2003-08-21,40.72692871
2003-08-24,39.83996201
2003-08-28,38.76025391
2003-08-31,37.82132339
2003-09-04,36.65998459
2003-09-07,35.57072449
2003-09-11,34.56496811
2003-09-14,33.85412979
2003-09-18,32.69227982
2003-09-21,31.79663277
2003-09-25,30.88624191
2003-09-28,30.24179268
2003-10-02,29.40005875
2003-10-05,28.70117378
2003-10-09,27.582201
2003-10-12,27.02971458
2003-10-16,26.13309097
2003-10-19,25.6134243
2003-10-23,24.83842087
2003-10-26,24.31583595
2003-10-30,23.70942307
2003-11-02,23.42139053
2003-11-06,23.34324265
2003-11-09,23.09324074
2003-11-13,22.42874527
2003-11-16,21.72052383
2003-11-20,21.18400002
2003-11-23,21.02566528
2003-11-27,23.35817909
2003-11-30,25.66598892
2003-12-04,26.92982864
2003-12-07,25.74759865
2003-12-11,23.4083786
2003-12-14,21.99878693
2003-12-18,21.1276474
2003-12-21,20.50311852
2003-12-25,19.49934959
2003-12-28,18.88558006
2004-01-02,18.45361519
2004-01-05,18.30735016
2004-01-09,18.1499157
2004-01-12,18.97475433
2004-01-16,21.7489872
2004-01-19,22.40302658
2004-01-23,20.57922173
2004-01-26,19.22587204
2004-01-30,17.72093391
2004-02-02,17.20165634
2004-02-06,17.13357735
2004-02-09,18.0335865
2004-02-13,18.66707802
2004-02-16,18.35716248
2004-02-20,17.50135612
2004-02-23,16.91755104
2004-02-27,16.62858582
2004-03-02,16.52252007
2004-03-06,16.64802551
2004-03-09,16.8450489
2004-03-13,17.23534012
2004-03-16,18.01951599
2004-03-20,19.1406498
2004-03-23,19.5752182
2004-03-27,20.30016899
2004-03-30,20.78229332
2004-04-03,20.770298
2004-04-06,21.20030785
2004-04-10,22.35233116
2004-04-13,23.25603294
2004-04-17,23.00399971
2004-04-20,23.14729881
2004-04-24,23.87370873
2004-04-27,24.26152039
2004-05-01,25.27691269
2004-05-04,25.59760857
2004-05-08,28.02478027
2004-05-11,30.24129105
2004-05-15,29.93805504
2004-05-18,30.03742981
2004-05-22,27.73032951
2004-05-25,26.43707275
2004-05-29,25.50830269
2004-06-01,25.12776756
2004-06-05,25.30463982
2004-06-08,25.06282616
2004-06-12,24.64206314
2004-06-15,24.37570572
2004-06-19,24.38693047
2004-06-22,24.31253052
2004-06-26,24.5271759
2004-06-29,25.11875725
2004-07-03,25.38612938
2004-07-06,25.47607613
2004-07-10,26.70491219
2004-07-13,27.99148369
2004-07-17,29.07814789
2004-07-20,27.79041672
2004-07-24,25.86250877
2004-07-27,25.08053207
2004-07-31,24.13475037
2004-08-03,23.42010498
2004-08-07,23.43294525
2004-08-10,23.51938057
2004-08-14,24.89484596
2004-08-17,24.7726326
2004-08-21,24.74993515
2004-08-24,24.57650185
2004-08-28,25.40889359
2004-08-31,25.1551609
2004-09-04,23.80912209
2004-09-07,22.54203033
2004-09-11,21.32343674
2004-09-14,20.63000298
2004-09-18,20.33156395
2004-09-21,20.28318787
2004-09-25,19.96483231
2004-09-28,19.84774017
2004-10-02,19.45958519
2004-10-05,19.22947311
2004-10-09,19.22351074
2004-10-12,18.99736595
2004-10-16,19.26389313
2004-10-19,19.39767265
2004-10-23,19.39528847
2004-10-26,19.57335663
2004-10-30,21.23514557
2004-11-02,22.0843792
2004-11-06,20.82790947
2004-11-09,19.51823044
2004-11-13,18.14504433
2004-11-16,17.41091347
2004-11-20,17.3590126
2004-11-23,17.62496185
2004-11-27,18.16978836
2004-11-30,17.86435509
2004-12-04,16.85543823
2004-12-07,16.20503998
2004-12-11,15.47669792
2004-12-14,15.01995659
2004-12-18,14.52007103
2004-12-21,14.90732956
2004-12-25,15.45155621
2004-12-28,15.92755127
2005-01-02,15.8435936
2005-01-05,15.37699032
2005-01-09,14.66710567
2005-01-12,14.47026443
2005-01-16,14.37738037
2005-01-19,14.25625229
2005-01-23,14.09581947
2005-01-26,14.07448292
2005-01-30,14.02847672
2005-02-02,13.96976185
2005-02-06,13.87545204
2005-02-09,13.82958221
2005-02-13,13.86010265
2005-02-16,13.89187813
2005-02-20,14.34132671
2005-02-23,14.42477226
2005-02-27,14.41973305
2005-03-02,14.34485531
2005-03-06,14.42426968
2005-03-09,14.43192768
2005-03-13,14.30167866
2005-03-16,14.30219555
2005-03-20,13.9693346
2005-03-23,13.98644161
2005-03-27,14.23696899
2005-03-30,14.52553749
2005-04-03,15.67389202
2005-04-06,17.60371208
2005-04-10,18.45663643
2005-04-13,17.84985352
2005-04-17,17.45023155
2005-04-20,17.16737938
2005-04-24,18.01355171
2005-04-27,19.32775497
2005-05-01,19.90703392
2005-05-04,19.66288948
2005-05-08,18.9980526
2005-05-11,18.72889328
2005-05-15,17.58611488
2005-05-18,17.02950668
2005-05-22,16.45993233
2005-05-25,16.35746956
2005-05-29,16.36044312
2005-06-01,16.47076988
2005-06-05,16.38087654
2005-06-08,16.58829498
2005-06-12,16.76200104
2005-06-15,16.42368698
2005-06-19,16.17483521
2005-06-22,15.703866
2005-06-26,15.55105686
2005-06-29,15.54409409
2005-07-03,17.2530098
2005-07-06,18.03454971
2005-07-10,18.09354591
2005-07-13,17.13120079
2005-07-17,15.96396828
2005-07-20,15.32453442
2005-07-24,15.14383221
2005-07-27,15.44234276
2005-07-31,16.67160606
2005-08-03,17.31228256
2005-08-07,17.11382294
2005-08-10,16.38346672
2005-08-14,15.48168087
2005-08-17,15.31491947
2005-08-21,15.22589111
2005-08-24,15.26990032
2005-08-28,15.30338001
2005-08-31,14.94567013
2005-09-04,14.49146557
2005-09-07,14.11517811
2005-09-11,13.89407635
2005-09-14,14.41742706
2005-09-18,14.15709782
2005-09-21,13.93396187
2005-09-25,13.58489037
2005-09-28,13.12175179
2005-10-02,12.8614769
2005-10-05,12.82410336
2005-10-09,12.7070055
2005-10-12,12.41067505
2005-10-16,12.85548782
2005-10-19,13.11611462
2005-10-23,13.57325935
2005-10-26,14.36517906
2005-10-30,16.43258095
2005-11-02,17.69997787
2005-11-06,17.92563629
2005-11-09,18.66109467
2005-11-13,17.7826252
2005-11-16,16.43322372
2005-11-20,14.45109081
2005-11-23,13.24385834
2005-11-27,11.92560959
2005-11-30,11.35279465
2005-12-04,11.15982437
2005-12-07,12.4402771
2005-12-11,14.0606432
2005-12-14,14.12489796
2005-12-18,13.12718105
2005-12-21,12.38312817
2005-12-25,11.57124138
2005-12-28,11.24345493
2006-01-02,11.10028076
2006-01-05,11.24325275
2006-01-09,11.45390701
2006-01-12,11.52574539
2006-01-16,11.506917
2006-01-19,11.49379063
2006-01-23,11.46540451
2006-01-26,11.48143959
2006-01-30,11.28015327
2006-02-02,11.22767925
2006-02-06,11.21669865
2006-02-09,11.16951752
2006-02-13,11.39291573
2006-02-16,11.87317562
2006-02-20,13.8630867
2006-02-23,15.74853992
2006-02-27,15.98659229
2006-03-02,15.23943806
2006-03-06,14.56429195
2006-03-09,14.58130074
2006-03-13,15.58130264
2006-03-16,16.17904472
2006-03-20,15.65789127
2006-03-23,15.22225952
2006-03-27,14.9615202
2006-03-30,15.39862537
2006-04-03,17.66018295
2006-04-06,19.85491562
2006-04-10,19.45521164
2006-04-13,18.70590019
2006-04-17,18.06321335
2006-04-20,17.56313324
2006-04-24,17.30125999
2006-04-27,17.46808243
2006-05-01,17.38718796
2006-05-04,17.57712173
2006-05-08,17.78622627
2006-05-11,18.49832344
2006-05-15,18.99492073
2006-05-18,19.53882027
2006-05-22,20.27187157
2006-05-25,23.3631897
2006-05-29,28.68404388
2006-06-01,28.15963554
2006-06-05,24.04799843
2006-06-08,21.70456314
2006-06-12,19.46972847
2006-06-15,19.05147171
2006-06-19,18.8993187
2006-06-22,18.86453438
2006-06-26,18.43444633
2006-06-29,18.49247169
2006-07-03,17.95776176
2006-07-06,17.81212425
2006-07-10,18.78572464
2006-07-13,19.23989868
2006-07-17,18.82434654
2006-07-20,17.83247566
2006-07-24,17.33208084
2006-07-27,17.06122971
2006-07-31,17.06703186
2006-08-03,16.90364647
2006-08-07,16.87052536
2006-08-10,16.51125526
2006-08-14,16.20262146
2006-08-17,16.21222687
2006-08-21,16.20487785
2006-08-24,16.50627327
2006-08-28,16.64091301
2006-08-31,16.41340256
2006-09-04,16.1636734
2006-09-07,15.68321323
2006-09-11,15.01625156
2006-09-14,14.60655689
2006-09-18,15.11745262
2006-09-21,16.88573456
2006-09-25,17.33589745
2006-09-28,16.31487846
2006-10-02,15.18458462
2006-10-05,14.73440647
2006-10-09,14.28715324
2006-10-12,14.09241486
2006-10-16,14.3713522
2006-10-19,15.06359196
2006-10-23,15.07798958
2006-10-26,15.63329315
2006-10-30,16.71419907
2006-11-02,17.16516304
2006-11-06,15.64143753
2006-11-09,14.21725082
2006-11-13,12.85823441
2006-11-16,12.29321957
2006-11-20,12.94132614
2006-11-23,13.71325302
2006-11-27,16.97167206
2006-11-30,21.44037819
2006-12-04,26.13130379
2006-12-07,23.36471748
2006-12-11,20.92948341
2006-12-14,18.96711159
2006-12-18,16.83327103
2006-12-21,15.84116745
2006-12-25,14.50934315
2006-12-28,13.64180565
2007-01-02,13.01460743
2007-01-05,13.53100491
2007-01-09,15.55451393
2007-01-12,17.29307556
2007-01-16,24.40813255
2007-01-19,25.92827034
2007-01-23,24.03184128
2007-01-26,22.7116394
2007-01-30,20.8620491
2007-02-02,20.09427643
2007-02-06,20.01042748
2007-02-09,20.37883759
2007-02-13,22.03017235
2007-02-16,25.33670616
2007-02-20,28.05831337
2007-02-23,28.64681053
2007-02-27,31.25374413
2007-03-02,33.9034462
2007-03-06,38.33433533
2007-03-09,45.49932098
2007-03-13,46.26091766
2007-03-16,44.17082977
2007-03-20,43.99059296
2007-03-23,45.85354996
2007-03-27,48.78955078
2007-03-30,50.96287155
2007-04-03,53.18888474
2007-04-06,54.81763077
2007-04-10,56.21194077
2007-04-13,57.09212494
2007-04-17,57.65827942
2007-04-20,58.2771225
2007-04-24,59.14788055
2007-04-27,59.62316132
2007-05-01,59.52326965
2007-05-04,59.35205841
2007-05-08,60.00212097
2007-05-11,60.48814011
2007-05-15,61.48923492
2007-05-18,62.64120865
2007-05-22,61.84645081
2007-05-25,60.39593887
2007-05-29,61.27019882
2007-06-01,63.91935349
2007-06-05,62.33496475
2007-06-08,59.74253845
2007-06-12,57.42518997
2007-06-15,56.02037048
2007-06-19,56.36545181
2007-06-22,60.83290482
2007-06-26,66.45835876
2007-06-29,65.37836456
2007-07-03,62.3357811
2007-07-06,63.02632523
2007-07-10,58.65602112
2007-07-13,54.98343658
2007-07-17,51.78649139
2007-07-20,51.3490448
2007-07-24,345.9003906
2007-07-27,158.3438721
2007-07-31,86.66130066
2007-08-03,68.34682465
2007-08-07,55.94806671
2007-08-10,51.65959167
2007-08-14,48.37995148
2007-08-17,47.36268234
2007-08-21,51.21408463
2007-08-24,50.51659012
2007-08-28,46.71268082
2007-08-31,44.99907684
2007-09-04,43.43476105
2007-09-07,42.66305542
2007-09-11,41.64783478
2007-09-14,40.98030853
2007-09-18,40.2517128
2007-09-21,39.65029144
2007-09-25,38.83343506
2007-09-28,38.54167175
2007-10-02,38.55567551
2007-10-05,38.55416489
2007-10-09,37.98420715
2007-10-12,37.87958527
2007-10-16,37.41862869
2007-10-19,39.21588516
2007-10-23,45.75553894
2007-10-26,42.27339935
2007-10-30,38.19351578
2007-11-02,36.49788284
2007-11-06,34.92129135
2007-11-09,33.95979691
2007-11-13,32.99946213
2007-11-16,32.57964706
2007-11-20,32.23065948
2007-11-23,33.01996994
2007-11-27,33.90415192
2007-11-30,33.32168579
2007-12-04,33.37970352
2007-12-07,33.93328094
2007-12-11,37.44706726
2007-12-14,37.75865555
2007-12-18,34.73680496
2007-12-21,32.57751083
2007-12-25,30.8249054
2007-12-28,30.63203049
2008-01-02,30.72675133
2008-01-05,30.6006279
2008-01-09,30.56960487
2008-01-12,31.46404266
2008-01-16,37.829216
2008-01-19,54.54281998
2008-01-23,53.81991577
2008-01-26,45.20828247
2008-01-30,39.70614624
2008-02-02,38.47143555
2008-02-06,39.35928726
2008-02-09,41.86339951
2008-02-13,43.4903183
2008-02-16,43.61918259
2008-02-20,44.37350082
2008-02-23,45.02899933
2008-02-27,46.17148209
2008-03-02,47.76637268
2008-03-06,49.19607162
2008-03-09,50.15664291
2008-03-13,52.77319717
2008-03-16,55.77595901
2008-03-20,73.52233124
2008-03-23,68.90137482
2008-03-27,62.90942764
2008-03-30,61.90159225
2008-04-03,62.52600861
2008-04-06,61.80344009
2008-04-10,61.55522537
2008-04-13,61.52962875
2008-04-17,62.59981918
2008-04-20,63.19881821
2008-04-24,64.45359802
2008-04-27,65.49992371
2008-05-01,66.290802
2008-05-04,68.34382629
2008-05-08,67.6108551
2008-05-11,66.76329803
2008-05-15,65.56064606
2008-05-18,66.08200836
2008-05-22,65.82830811
2008-05-25,64.91462708
2008-05-29,71.64694214
2008-06-01,85.39736938
2008-06-05,81.72515106
2008-06-08,77.46785736
2008-06-12,69.76126099
2008-06-15,67.89559937
2008-06-19,66.19773865
2008-06-22,64.75521088
2008-06-26,62.9342041
2008-06-29,62.06388855
2008-07-03,61.02636719
2008-07-06,60.0449791
2008-07-10,60.51849747
2008-07-13,61.94314957
2008-07-17,61.81142807
2008-07-20,60.23345184
2008-07-24,57.96635818
2008-07-27,56.43314743
2008-07-31,55.09082794
2008-08-03,54.92960739
2008-08-07,54.77135849
2008-08-10,54.21873856
2008-08-14,53.20513916
2008-08-17,54.0563736
2008-08-21,53.67836761
2008-08-24,52.28451157
2008-08-28,50.3991127
2008-08-31,49.01760101
2008-09-04,47.71488953
2008-09-07,48.74889374
2008-09-11,57.84129334
2008-09-14,61.85604858
2008-09-18,56.33742905
2008-09-21,50.5094986
2008-09-25,45.80981827
2008-09-28,43.74323273
2008-10-02,41.78115845
2008-10-05,40.79153442
2008-10-09,41.11341095
2008-10-12,41.36099625
2008-10-16,40.08879089
2008-10-19,38.97713852
2008-10-23,38.09537125
2008-10-26,37.60590363
2008-10-30,37.26052856
2008-11-02,37.06135178
2008-11-06,38.48845291
2008-11-09,39.20716858
2008-11-13,42.70934677
2008-11-16,43.7532692
2008-11-20,40.3936348
2008-11-23,37.86621094
2008-11-27,36.15810776
2008-11-30,35.66303253
2008-12-04,35.47024918
2008-12-07,36.64865875
2008-12-11,37.23427963
2008-12-14,37.22337723
2008-12-18,49.20758438
2008-12-21,48.73855209
2008-12-25,42.16394043
2008-12-28,39.78765869
2009-01-02,38.69620514
2009-01-05,38.69250107
2009-01-09,39.12195587
2009-01-12,39.58003998
2009-01-16,40.76555634
2009-01-19,42.27371979
2009-01-23,47.21756744
2009-01-26,50.66794968
2009-01-30,51.62851715
2009-02-02,50.64008713
2009-02-06,49.95296478
2009-02-09,50.83585739
2009-02-13,59.6406517
2009-02-16,59.39481735
2009-02-20,57.88869095
2009-02-23,58.03808975
2009-02-27,59.20285416
2009-03-02,60.54883575
2009-03-06,63.67623901
2009-03-09,65.56652832
2009-03-13,67.84838104
2009-03-16,69.09881592
2009-03-20,69.92339325
2009-03-23,70.69026947
2009-03-27,71.75675964
2009-03-30,73.0004425
2009-04-03,74.16849518
2009-04-06,74.64519501
2009-04-10,75.20383453
2009-04-13,76.60261536
2009-04-17,77.14245605
2009-04-20,78.40332031
2009-04-24,78.24846649
2009-04-27,77.38322449
2009-05-01,77.65976715
2009-05-04,77.45911407
2009-05-08,76.63798523
2009-05-11,75.79871368
2009-05-15,75.08097076
2009-05-18,74.85015106
2009-05-22,74.70035553
2009-05-25,73.87111664
2009-05-29,73.19889832
2009-06-01,71.5136261
2009-06-05,69.6895752
2009-06-08,69.19504547
2009-06-12,69.23854828
2009-06-15,68.29968262
2009-06-19,66.51210022
2009-06-22,65.20648193
2009-06-26,62.64896011
2009-06-29,62.39717865
2009-07-03,60.04921722
2009-07-06,58.97727203
2009-07-10,57.8112793
2009-07-13,56.98463058
2009-07-17,55.3071022
2009-07-20,55.07294464
2009-07-24,54.68959808
2009-07-27,53.80541611
2009-07-31,52.33589935
2009-08-03,51.74346161
2009-08-07,50.22877884
2009-08-10,50.41003418
2009-08-14,49.34125519
2009-08-17,47.11397934
2009-08-21,44.69135666
2009-08-24,43.20368958
2009-08-28,41.70478439
2009-08-31,40.71109772
2009-09-04,39.56742859
2009-09-07,38.99523926
2009-09-11,37.95032501
2009-09-14,37.08970642
2009-09-18,35.8332634
2009-09-21,35.11190033
2009-09-25,34.22773361
2009-09-28,33.46036911
2009-10-02,32.63305283
2009-10-05,31.74855614
2009-10-09,31.3603344
2009-10-12,31.00884819
2009-10-16,30.47991562
2009-10-19,29.73890686
2009-10-23,28.92662048
2009-10-26,28.39998055
2009-10-30,27.85985374
2009-11-02,27.40274811
2009-11-06,27.42774582
2009-11-09,27.7759552
2009-11-13,27.27487946
2009-11-16,28.69239044
2009-11-20,30.78808403
2009-11-23,30.19536018
2009-11-27,28.60548401
2009-11-30,28.44545364
2009-12-04,28.64404297
2009-12-07,28.38124657
2009-12-11,28.93832779
2009-12-14,28.22488785
2009-12-18,25.8978672
2009-12-21,24.46844101
2009-12-25,23.55683136
2009-12-28,23.00609207
2010-01-02,24.16167259
2010-01-05,24.58693886
2010-01-09,23.73144531
2010-01-12,22.64416504
2010-01-16,21.88965988
2010-01-19,23.68937874
2010-01-23,26.80861473
2010-01-26,28.00352478
2010-01-30,28.54213715
2010-02-02,27.51383018
2010-02-06,27.13363266
2010-02-09,27.45693398
2010-02-13,27.84799004
2010-02-16,28.10555267
2010-02-20,29.71061325
2010-02-23,31.47534943
2010-02-27,34.27072525
2010-03-02,38.16558838
2010-03-06,39.99410248
2010-03-09,39.35477066
2010-03-13,39.32440567
2010-03-16,40.1205368
2010-03-20,41.76892471
2010-03-23,43.55447769
2010-03-27,46.37366867
2010-03-30,48.74166107
2010-04-03,52.23591995
2010-04-06,55.0306778
2010-04-10,55.99987412
2010-04-13,55.66642761
2010-04-17,55.73454285
2010-04-20,56.00218964
2010-04-24,56.50771713
2010-04-27,57.11354828
2010-05-01,58.07592773
2010-05-04,59.40650558
2010-05-08,61.05005264
2010-05-11,61.27361679
2010-05-15,60.86980057
2010-05-18,60.81641388
2010-05-22,60.59960938
2010-05-25,59.75054932
2010-05-29,59.61276245
2010-06-01,59.41819
2010-06-05,58.80530548
2010-06-08,58.41080856
2010-06-12,58.39970779
2010-06-15,57.8937645
2010-06-19,56.47565079
2010-06-22,55.69914627
2010-06-26,54.19699097
2010-06-29,52.88812256
2010-07-03,51.68748093
2010-07-06,50.92181778
2010-07-10,49.87521744
2010-07-13,48.69410324
2010-07-17,47.73184967
2010-07-20,46.94132233
2010-07-24,45.83533478
2010-07-27,45.30275726
2010-07-31,44.15633774
2010-08-03,43.24397659
2010-08-07,42.25080872
2010-08-10,41.35705566
2010-08-14,40.61510849
2010-08-17,39.79156876
2010-08-21,38.96353531
2010-08-24,38.92467499
2010-08-28,61.10795212
2010-08-31,73.59468842
2010-09-04,53.98960114
2010-09-07,44.97896957
2010-09-11,39.87174225
2010-09-14,37.44258118
2010-09-18,34.77807999
2010-09-21,33.25167847
2010-09-25,31.96587563
2010-09-28,31.10917091
2010-10-02,30.76450348
2010-10-05,34.45018005
2010-10-09,33.86330414
2010-10-12,32.17264557
2010-10-16,29.83932114
2010-10-19,28.44014168
2010-10-23,27.05284309
2010-10-26,26.53874016
2010-10-30,26.15396881
2010-11-02,25.74848366
2010-11-06,24.59865189
2010-11-09,24.50052261
2010-11-13,25.19816017
2010-11-16,26.0252533
2010-11-20,25.77955627
2010-11-23,24.96203423
2010-11-27,23.73246384
2010-11-30,22.76100731
2010-12-04,21.63128471
2010-12-07,21.40918732
2010-12-11,20.86911201
2010-12-14,20.54036903
2010-12-18,20.11343193
2010-12-21,19.86963081
2010-12-25,19.50057411
2010-12-28,19.26860428
2011-01-02,19.44003296
2011-01-05,19.55008125
2011-01-09,20.42547989
2011-01-12,21.29615211
2011-01-16,23.99327469
2011-01-19,30.40416718
2011-01-23,34.28869247
2011-01-26,28.9401226
2011-01-30,24.36844826
2011-02-02,22.86248207
2011-02-06,21.83116531
2011-02-09,21.80324364
2011-02-13,22.43831635
2011-02-16,23.44809914
2011-02-20,24.75748253
2011-02-23,25.70786095
2011-02-27,26.68186378
2011-03-02,27.40738487
2011-03-06,28.25561714
2011-03-09,28.27029228
2011-03-13,28.12199402
2011-03-16,28.31227493
2011-03-20,29.13380814
2011-03-23,29.67998314
2011-03-27,30.25047112
2011-03-30,30.76558495
2011-04-03,31.47263908
2011-04-06,32.13500214
2011-04-10,32.4828186
2011-04-13,32.79586792
2011-04-17,33.54835892
2011-04-20,33.68722916
2011-04-24,33.65130997
2011-04-27,33.60019684
2011-05-01,33.81040573
2011-05-04,33.55997467
2011-05-08,33.65950394
2011-05-11,34.10667038
2011-05-15,34.66910934
2011-05-18,34.65608978
2011-05-22,34.38497162
2011-05-25,33.7065773
2011-05-29,33.42361069
2011-06-01,33.35128403
2011-06-05,32.58547974
2011-06-08,32.80915833
2011-06-12,32.41913986
2011-06-15,32.39484787
2011-06-19,32.59458542
2011-06-22,32.18706894
2011-06-26,31.75262451
2011-06-29,31.08348846
2011-07-03,30.36724663
2011-07-06,29.46552658
2011-07-10,28.81302643
2011-07-13,28.42325783
2011-07-17,27.91134262
2011-07-20,27.77052689
2011-07-24,27.50662231
2011-07-27,27.06276512
2011-07-31,26.41106796
2011-08-03,25.33434486
2011-08-07,25.14478111
2011-08-10,24.50333977
2011-08-14,24.16562653
2011-08-17,23.6556797
2011-08-21,23.51886559
2011-08-24,23.82757187
2011-08-28,24.73146439
2011-08-31,24.51115608
2011-09-04,23.62782288
2011-09-07,22.94045258
2011-09-11,22.01256943
2011-09-14,21.18278313
2011-09-18,20.5647068
2011-09-21,20.06361389
2011-09-25,19.61137199
2011-09-28,19.24537659
2011-10-02,18.55231285
2011-10-05,17.94286346
2011-10-09,17.38197708
2011-10-12,16.95430565
2011-10-16,16.83662796
2011-10-19,16.56904984
2011-10-23,16.23479652
2011-10-26,15.81594753
2011-10-30,15.62802696
2011-11-02,15.45195675
2011-11-06,15.52874756
2011-11-09,15.40034294
2011-11-13,15.26274014
2011-11-16,15.03342438
2011-11-20,14.6943121
2011-11-23,14.41557312
2011-11-27,13.84307003
2011-11-30,13.56962681
2011-12-04,13.31145382
2011-12-07,13.0752964
2011-12-11,12.76501846
2011-12-14,12.85195637
2011-12-18,13.38478947
2011-12-21,13.70868778
2011-12-25,13.83770084
2011-12-28,13.66394329
2012-01-02,13.44878483
2012-01-05,14.03473949
2012-01-09,13.95991039
2012-01-12,13.72970009
2012-01-16,13.02453804
2012-01-19,12.35012531
2012-01-23,11.47985458
2012-01-26,11.31585312
2012-01-30,11.38588905
2012-02-02,11.35252476
2012-02-06,11.16641998
2012-02-09,11.0026083
2012-02-13,10.74163246
2012-02-16,10.56550598
2012-02-20,10.30133247
2012-02-23,10.06138611
2012-02-27,9.78674984
2012-03-02,9.626146317
2012-03-06,9.597806931
2012-03-09,9.865003586
2012-03-13,9.977326393
2012-03-16,9.960718155
2012-03-20,9.841677666
2012-03-23,9.575034142
2012-03-27,9.216799736
2012-03-30,8.915379524
2012-04-03,8.73014164
2012-04-06,8.592841148
2012-04-10,8.709909439
2012-04-13,8.720310211
2012-04-17,8.786820412
2012-04-20,8.996554375
2012-04-24,9.469498634
2012-04-27,11.43877125
2012-05-01,22.15452576
2012-05-04,42.61436081
2012-05-08,40.33886337
2012-05-11,32.79675293
2012-05-15,27.95111465
2012-05-18,23.1668663
2012-05-22,17.75674248
2012-05-25,14.76475811
2012-05-29,12.17838573
2012-06-01,11.34432411
2012-06-05,11.3504715
2012-06-08,11.65939522
2012-06-12,15.96825218
2012-06-15,23.67578125
2012-06-19,22.68927193
2012-06-22,21.48706436
2012-06-26,25.78348732
2012-06-29,30.11465645
2012-07-03,27.26296616
2012-07-06,26.17425346
2012-07-10,31.88852501
2012-07-13,32.48108673
2012-07-17,31.12060356
2012-07-20,28.72590828
2012-07-24,25.29879761
2012-07-27,22.65917397
2012-07-31,19.50115204
2012-08-03,18.3866024
2012-08-07,18.08800888
2012-08-10,18.45343971
2012-08-14,18.83981705
2012-08-17,19.08732986
2012-08-21,24.14177895
2012-08-24,27.09815788
2012-08-28,24.13364601
2012-08-31,23.99954796
2012-09-04,24.90128708
2012-09-07,23.98176003
2012-09-11,22.361866
2012-09-14,21.70556259
2012-09-18,21.22865868
2012-09-21,21.15196037
2012-09-25,21.75785637
2012-09-28,23.8892498
2012-10-02,32.5773735
2012-10-05,30.49540138
2012-10-09,28.29123878
2012-10-12,29.13765144
2012-10-16,28.44010925
2012-10-19,27.67090607
2012-10-23,27.97142601
2012-10-26,26.92629433
2012-10-30,25.40071487
2012-11-02,25.01943779
2012-11-06,29.71091843
2012-11-09,39.03154373
2012-11-13,37.03385162
2012-11-16,33.04775238
2012-11-20,29.80236244
2012-11-23,30.19094276
2012-11-27,67.05146027
2012-11-30,72.0209198
2012-12-04,54.17147446
2012-12-07,49.52142334
2012-12-11,50.17230225
2012-12-14,51.83837891
2012-12-18,57.07125854
2012-12-21,60.71677399
2012-12-25,82.87091064
2012-12-28,87.90808868
2013-01-02,84.63040924
2013-01-05,85.87306213
2013-01-09,89.03883362
2013-01-12,93.1292572
2013-01-16,98.85938263
2013-01-19,102.2941589
2013-01-23,105.6173782
2013-01-26,107.7131271
2013-01-30,113.4667282
2013-02-02,118.4449463
2013-02-06,117.097908
2013-02-09,116.1662369
2013-02-13,117.8796616
2013-02-16,120.2346039
2013-02-20,120.6334457
2013-02-23,118.313591
2013-02-27,116.8668137
2013-03-02,116.4373856
2013-03-06,116.3044205
2013-03-09,116.8337708
2013-03-13,118.1270599
2013-03-16,117.8621063
2013-03-20,122.2264938
2013-03-23,122.4523239
2013-03-27,122.5156097
2013-03-30,120.8349915
2013-04-03,119.1981354
2013-04-06,118.6146851
2013-04-10,118.3584671
2013-04-13,119.0259094
2013-04-17,119.5458908
2013-04-20,118.807579
2013-04-24,117.9938965
2013-04-27,117.5504303
2013-05-01,117.3609238
2013-05-04,116.2952957
2013-05-08,115.2838593
2013-05-11,114.3507385
2013-05-15,113.8645325
2013-05-18,113.4971695
2013-05-22,112.0270081
2013-05-25,110.3460388
2013-05-29,108.3232117
2013-06-01,107.7802582
2013-06-05,104.7856903
2013-06-08,102.3785782
2013-06-12,100.3334961
2013-06-15,98.60531616
2013-06-19,96.39635468
2013-06-22,94.90336609
2013-06-26,92.40635681
2013-06-29,90.68164825
2013-07-03,87.77553558
2013-07-06,86.12528229
2013-07-10,82.81573486
2013-07-13,80.92191315
2013-07-17,78.47489929
2013-07-20,76.47805023
2013-07-24,74.48696899
2013-07-27,73.19545746
2013-07-31,73.44306946
2013-08-03,71.5511322
2013-08-07,69.13316345
2013-08-10,67.38567352
2013-08-14,64.93144989
2013-08-17,63.27832413
2013-08-21,60.99959183
2013-08-24,59.43743896
2013-08-28,58.03991318
2013-08-31,56.47417831
2013-09-04,54.38965988
2013-09-07,52.98080444
2013-09-11,51.65992737
2013-09-14,50.94705582
2013-09-18,49.86855698
2013-09-21,48.79307938
2013-09-25,46.9265976
2013-09-28,45.40042877
2013-10-02,43.57155228
2013-10-05,42.9345932
2013-10-09,41.972229
2013-10-12,40.71943665
2013-10-16,40.01720047
2013-10-19,39.94470596
2013-10-23,40.23675919
2013-10-26,39.83348846
2013-10-30,46.41148758
2013-11-02,44.05638504
2013-11-06,42.01639938
2013-11-09,40.49272156
2013-11-13,39.97695923
2013-11-16,38.61577225
2013-11-20,35.67684555
2013-11-23,33.38309097
2013-11-27,31.29903793
2013-11-30,30.10521698
2013-12-04,28.71121216
2013-12-07,27.71536827
2013-12-11,26.80609894
2013-12-14,26.22633362
2013-12-18,25.89092064
2013-12-21,27.25196075
2013-12-25,35.55085754
2013-12-28,53.7971077
2014-01-02,45.36590576
2014-01-05,49.44380569
2014-01-09,52.21591949
2014-01-12,45.09301376
2014-01-16,39.05311966
2014-01-19,37.30517197
2014-01-23,36.95643234
2014-01-26,38.36334229
2014-01-30,42.66316986
2014-02-02,46.87627792
2014-02-06,51.7509346
2014-02-09,61.25943756
2014-02-13,72.33188629
2014-02-16,81.51383972
2014-02-20,88.73711395
2014-02-23,93.06047058
2014-02-27,101.878006
2014-03-02,111.4673767
2014-03-06,125.0139389
2014-03-09,129.3495331
2014-03-13,134.1573944
2014-03-16,137.6014404
2014-03-20,141.5149078
2014-03-23,143.8552704
2014-03-27,146.6884155
2014-03-30,147.1425323
2014-04-03,146.5655823
2014-04-06,145.7907715
2014-04-10,144.7696533
2014-04-13,142.6051025
2014-04-17,138.9107666
2014-04-20,136.3586121
2014-04-24,134.5878601
2014-04-27,134.8548584
2014-05-01,141.0668488
2014-05-04,137.1649475
2014-05-08,131.5159607
2014-05-11,128.2300873
2014-05-15,125.8300018
2014-05-18,123.8032303
2014-05-22,120.5764923
2014-05-25,119.4083023
2014-05-29,120.5814133
2014-06-01,119.0638962
2014-06-05,115.7412033
2014-06-08,113.5626602
2014-06-12,110.4268417
2014-06-15,107.9394608
2014-06-19,105.0274887
2014-06-22,102.9595947
2014-06-26,99.90708923
2014-06-29,98.09745789
2014-07-03,96.64793396
2014-07-06,94.1652298
2014-07-10,91.58573914
2014-07-13,90.20008087
2014-07-17,87.37760162
2014-07-20,85.53063202
2014-07-24,83.89097595
2014-07-27,81.77336121
2014-07-31,78.78836823
2014-08-03,77.10700226
2014-08-07,74.83317566
2014-08-10,73.80008698
2014-08-14,71.97640228
2014-08-17,70.99058533
2014-08-21,68.44845581
2014-08-24,66.29022217
2014-08-28,64.95040894
2014-08-31,63.33789063
2014-09-04,61.15156555
2014-09-07,59.48622131
2014-09-11,57.0994072
2014-09-14,55.47394562
2014-09-18,53.49457932
2014-09-21,52.28976059
2014-09-25,50.5919838
2014-09-28,49.24910736
2014-10-02,47.54509354
2014-10-05,46.5587883
2014-10-09,45.44815826
2014-10-12,45.00621033
2014-10-16,49.13103485
2014-10-19,51.40969467
2014-10-23,46.6516571
2014-10-26,43.79793549
2014-10-30,40.96986771
2014-11-02,39.35744476
2014-11-06,38.50070572
2014-11-09,38.12719727
2014-11-13,38.10543823
2014-11-16,38.30140305
2014-11-20,37.98156738
2014-11-23,36.96572495
2014-11-27,38.71835327
2014-11-30,38.00426102
2014-12-04,35.13224792
2014-12-07,33.06870651
2014-12-11,30.87347412
2014-12-14,30.22831345
2014-12-18,30.16271019
2014-12-21,30.34945297
2014-12-25,29.67127609
2014-12-28,29.52966118
2015-01-02,28.94676018
2015-01-05,29.20392418
2015-01-09,30.55175972
2015-01-12,33.7128067
2015-01-16,33.29973984
2015-01-19,35.02577591
2015-01-23,34.1063385
2015-01-26,32.79953003
2015-01-30,31.53829002
2015-02-02,31.17220688
2015-02-06,31.148489
2015-02-09,31.31395531
2015-02-13,31.72418022
2015-02-16,32.50061417
2015-02-20,34.08490372
2015-02-23,35.83245468
2015-02-27,37.38158035
2015-03-02,37.88646317
2015-03-06,38.08522034
2015-03-09,38.23389816
2015-03-13,38.51148987
2015-03-16,38.93754959
2015-03-20,39.98287201
2015-03-23,40.65517426
2015-03-27,41.37911606
2015-03-30,42.16350937
2015-04-03,42.87148285
2015-04-06,43.99960709
2015-04-10,44.4214325
2015-04-13,44.25552368
2015-04-17,44.1775322
2015-04-20,44.30615616
2015-04-24,44.33950424
2015-04-27,44.68556213
2015-05-01,44.82826996
2015-05-04,45.05917358
2015-05-08,45.16767502
2015-05-11,45.53147888
2015-05-15,45.51574326
2015-05-18,45.14886475
2015-05-22,45.06648254
2015-05-25,45.23750305
2015-05-29,43.99462509
2015-06-01,43.67636108
2015-06-05,42.77961349
2015-06-08,42.03642273
2015-06-12,41.01794815
2015-06-15,41.01095581
2015-06-19,39.96257019
2015-06-22,39.75875854
2015-06-26,38.6280098
2015-06-29,37.94348526
2015-07-03,36.78109741
2015-07-06,36.19871521
2015-07-10,35.81642914
2015-07-13,35.14743042
2015-07-17,34.90690613
2015-07-20,33.91737747
2015-07-24,33.23747253
2015-07-27,33.73130798
2015-07-31,33.93779373
2015-08-03,33.24307632
2015-08-07,31.76302719
2015-08-10,30.81926537
2015-08-14,30.20859909
2015-08-17,30.41314507
2015-08-21,30.20602226
2015-08-24,29.33586121
2015-08-28,32.56484222
2015-08-31,35.51021194
2015-09-04,38.93031311
2015-09-07,34.59646988
2015-09-11,29.84544754
2015-09-14,27.45780563
2015-09-18,26.62741661
2015-09-21,26.53702354
2015-09-25,27.04818916
2015-09-28,26.16222572
2015-10-02,24.54059029
2015-10-05,23.39108658
2015-10-09,23.75733948
2015-10-12,23.66495705
2015-10-16,22.6517086
2015-10-19,21.61875343
2015-10-23,20.70088768
2015-10-26,20.29784584
2015-10-30,19.97872925
2015-11-02,19.87690544
2015-11-06,19.46783447
2015-11-09,20.00640297
2015-11-13,20.12203598
2015-11-16,19.77233696
2015-11-20,19.11407852
2015-11-23,18.83906364
2015-11-27,18.66313171
2015-11-30,18.15162468
2015-12-04,17.60895348
2015-12-07,17.20272827
2015-12-11,17.25891304
2015-12-14,17.31287193
2015-12-18,17.26351738
2015-12-21,17.17292595
2015-12-25,17.15774727
2015-12-28,16.95247078
2016-01-02,17.30883217
2016-01-05,21.16749954
2016-01-09,28.04578018
2016-01-12,33.45904541
2016-01-16,33.45889664
2016-01-19,28.03508186
2016-01-23,23.04021645
2016-01-26,21.47011948
2016-01-30,20.47712898
2016-02-02,20.34328461
2016-02-06,20.17106819
2016-02-09,20.8970871
2016-02-13,23.69235992
2016-02-16,25.07290649
2016-02-20,25.21191216
2016-02-23,25.50718498
2016-02-27,26.09003258
2016-03-02,26.1200161
2016-03-06,27.27426338
2016-03-09,28.454216
2016-03-13,43.35697174
2016-03-16,56.32855606
2016-03-20,44.43543243
2016-03-23,39.68008041
2016-03-27,37.94694519
2016-03-30,40.66673279
2016-04-03,47.47671509
2016-04-06,46.30202866
2016-04-10,44.9343338
2016-04-13,45.29236984
2016-04-17,47.33278656
2016-04-20,47.76013565
2016-04-24,47.28836441
2016-04-27,47.06411743
2016-05-01,47.22112274
2016-05-04,47.70656586
2016-05-08,47.72181702
2016-05-11,48.05132294
2016-05-15,49.56222916
2016-05-18,50.21812439
2016-05-22,50.93782425
2016-05-25,51.08595657
2016-05-29,50.76225281
2016-06-01,50.82942963
2016-06-05,50.94525528
2016-06-08,50.3466568
2016-06-12,50.50692749
2016-06-15,51.06907272
2016-06-19,55.6755867
2016-06-22,58.47108459
2016-06-26,66.09909058
2016-06-29,60.4722786
2016-07-03,55.28245926
2016-07-06,52.45254135
2016-07-10,49.80462646
2016-07-13,48.66135025
2016-07-17,48.03766251
2016-07-20,46.78346252
2016-07-24,45.83902359
2016-07-27,45.25022888
2016-07-31,44.63422012
2016-08-03,44.87145615
2016-08-07,44.55325699
2016-08-10,43.88713455
2016-08-14,42.57658005
2016-08-17,41.72790146
2016-08-21,41.00806808
2016-08-24,40.30567932
2016-08-28,39.7843895
2016-08-31,39.68577576
2016-09-04,39.45103836
2016-09-07,38.94356918
2016-09-11,37.90032959
2016-09-14,37.00920486
2016-09-18,36.77539444
2016-09-21,36.50838852
2016-09-25,35.37282181
2016-09-28,34.6063118
2016-10-02,33.55038452
2016-10-05,32.97807312
2016-10-09,32.18403244
2016-10-12,31.56745911
2016-10-16,30.64994049
2016-10-19,30.35068893
2016-10-23,30.0777092
2016-10-26,29.65700912
2016-10-30,28.99116325
2016-11-02,28.52438164
2016-11-06,27.73585129
2016-11-09,27.14022255
2016-11-13,27.30125046
2016-11-16,27.98194313
2016-11-20,27.66014671
2016-11-23,29.74828339
2016-11-27,35.61658096
2016-11-30,34.97700882
2016-12-04,29.80409241
2016-12-07,27.16748047
2016-12-11,25.00803947
2016-12-14,24.39344025
2016-12-18,24.1008358
2016-12-21,23.58615875
2016-12-25,22.52970886
2016-12-28,21.8565979
