datetime,ensemble_01 (m3/s),ensemble_02 (m3/s),ensemble_03 (m3/s),ensemble_04 (m3/s),ensemble_05 (m3/s),ensemble_06 (m3/s),ensemble_07 (m3/s),ensemble_08 (m3/s),ensemble_09 (m3/s),ensemble_10 (m3/s),ensemble_11 (m3/s),ensemble_12 (m3/s),ensemble_13 (m3/s),ensemble_14 (m3/s),ensemble_15 (m3/s),ensemble_16 (m3/s),ensemble_17 (m3/s),ensemble_18 (m3/s),ensemble_19 (m3/s),ensemble_20 (m3/s),ensemble_21 (m3/s),ensemble_22 (m3/s),ensemble_23 (m3/s),ensemble_24 (m3/s),ensemble_25 (m3/s),ensemble_26 (m3/s),ensemble_27 (m3/s),ensemble_28 (m3/s),ensemble_29 (m3/s),ensemble_30 (m3/s),ensemble_31 (m3/s),ensemble_32 (m3/s),ensemble_33 (m3/s),ensemble_34 (m3/s),ensemble_35 (m3/s),ensemble_36 (m3/s),ensemble_37 (m3/s),ensemble_38 (m3/s),ensemble_39 (m3/s),ensemble_40 (m3/s),ensemble_41 (m3/s),ensemble_42 (m3/s),ensemble_43 (m3/s),ensemble_44 (m3/s),ensemble_45 (m3/s),ensemble_46 (m3/s),ensemble_47 (m3/s),ensemble_48 (m3/s),ensemble_49 (m3/s),ensemble_50 (m3/s),ensemble_51 (m3/s)
8/9/2017 0:00,1066.34,1066.34,1066.34,1066.34,1066.34,1066.34,1066.34,1066.34,1066.34,1066.34,1066.34,1066.34,1066.34,1066.34,1066.34,1066.34,1066.34,1066.34,1066.34,1066.34,1066.34,1066.34,1066.34,1066.34,1066.34,1066.34,1066.34,1066.34,1066.34,1066.34,1066.34,1066.34,1066.34,1066.34,1066.34,1066.34,1066.34,1066.34,1066.34,1066.34,1066.34,1066.34,1066.34,1066.34,1066.34,1066.34,1066.34,1066.34,1066.34,1066.34,1066.34
8/9/2017 3:00,1085.98,1077.72,1075.42,1080.74,1085.74,1078.25,1079.87,1088.13,1078.84,1085.65,1077.71,1085.84,1076.95,1092.42,1088.84,1087.24,1086.45,1078.26,1077.16,1089.5,1082.79,1084.84,1084.78,1080.42,1078.07,1081.83,1086.34,1078.26,1083.22,1088.52,1077.57,1086.76,1085.47,1063.86,1110.53,1077.02,1087.58,1080.15,1078.24,1085.72,1085.78,1076.66,1068.59,1085.77,1077.69,1085.69,1086.57,1086.35,1080.22,1085.27,1085.14
8/9/2017 6:00,1123.01,1105.14,959.641,1113.09,1122.76,1109.83,1112.19,1129.89,1111.36,1127.89,1103.23,1121.21,1102.19,1144.54,1132.5,1119.64,1122.66,1108.78,1098.23,1137.88,1130.69,1123.41,1121.79,1112.17,1108.36,1113.98,1122.06,1107.35,1117.06,1134.12,1105.55,1134.14,1123.03,1082.92,1184.98,1103.08,1128.2,1113.04,1109.2,1119.2,1122.22,1102.63,1106.46,1127.17,1108.28,1127.95,1135.5,1122.79,1112.87,1120.7,1123.4
8/9/2017 9:00,1147.99,1140.13,982.03,1147.1,1150.19,1149.73,1139.99,1158.4,1144.39,1152.6,1133.18,1144.89,1135.41,1158.37,1163.05,1138.53,1135.99,1137.73,1121.44,1172.38,1178.45,1145.94,1163.52,1139.56,1142.48,1155.07,1149.31,1156.6,1148.4,1169.62,1142.51,1167.17,1149.58,1135.01,1227.06,1129.15,1167,1146.68,1141.84,1144.78,1148.35,1132.94,1170.66,1162.01,1143.27,1162.92,1186.48,1145.26,1144.19,1145.65,1139.52
8/9/2017 12:00,1161.72,1158.89,1102.39,1188.54,1146.2,1211.81,1163.89,1173.32,1168.62,1188.81,1160.63,1160.91,1168.51,1183.61,1180.1,1170.78,1141.38,1173.02,1150.08,1184.49,1215.5,1162.34,1198.83,1182.46,1175.3,1167.3,1152.82,1202.58,1184.34,1189.13,1188.34,1174.28,1164.33,1189.6,1245.46,1149.98,1098.47,1166.1,1175.92,1161.36,1166.29,1164.94,1227.1,1187.89,1179.85,1189.16,1226.53,1167.56,1167.01,1168.96,1163.48
8/9/2017 15:00,1162.98,1157.33,1266.3,1214.55,1125.83,1244.99,1182.34,1176.5,1182.4,1200.35,1175.69,1166.86,1187.72,1201.68,1184.59,1202.35,1177.04,1197.33,1184.47,1182.42,1241.84,1175.11,1203.05,1211.17,1190.76,1179.54,1158.68,1231.64,1206.01,1190.44,1207.23,1177.85,1170.21,1221.24,1247.13,1160.11,984.301,1179.64,1202.43,1165.65,1168.5,1184.58,1271.85,1202.48,1201.09,1202.37,1242.93,1182.3,1178.37,1167.04,1179.73
8/9/2017 18:00,1151.03,1161.65,1385.15,1201.74,1114.11,1253.74,1188.94,1170.72,1183.72,1150.11,1176.73,1216.24,1192.27,1194.45,1180.54,1205.24,1200.85,1200.74,1192.52,1173.5,1245.4,1172.31,1196.08,1222.16,1195.34,1186.07,1155.03,1239.56,1203.39,1186.76,1200.98,1168.75,1161.78,1235.51,1248.16,1165.82,972.111,1184.32,1198.38,1157.97,1160.76,1194.95,1298.46,1197.46,1202.39,1192.21,1242.29,1178.27,1178.98,1166,1183.53
8/9/2017 21:00,1132.19,1172.96,1448.67,1181.33,1071.27,1245.46,1181.6,1155.61,1179.27,965.203,1170.25,1393.33,1185.42,1182.31,1169.47,1189.66,1188.07,1203.54,1186.64,1162.89,1237.02,1161.28,1169.92,1216.69,1191.97,1171.5,1132.44,1238.81,1191.5,1181.35,1193.47,1152.2,1144.87,1240.29,1248.75,1153.85,983.408,1177.19,1191.16,1142.36,1145.56,1193.24,1307.87,1183.8,1194.12,1169.41,1231.65,1161.22,1171.65,1152.32,1171.99
8/10/2017 0:00,1115.88,1207.68,1473.39,1155.51,1053.48,1236.89,1128.22,1133.8,1167.13,795.448,1162.79,1507.93,1165.27,1165.5,1151.8,1165.11,1168.29,1188.78,1174.48,1147.76,1218.19,1138.8,1137.06,1197.26,1178.95,1156.36,1115.49,1228.96,1176.84,1161.23,1157.61,1138.83,1124.49,1244.04,1230.71,1136.73,1139.58,1161.17,1189.07,1122.04,1126.36,1182.48,1315.86,1160.29,1173.82,1142.01,1212.72,1122.41,1162.94,1112.85,1155.67
8/10/2017 3:00,1102.69,1244.16,1478.48,1128.12,1091.96,1231.36,1112.91,1102.85,1152.21,819.298,1144.03,1545.48,1140.3,1144.36,1128.96,1138.29,1158.7,1157.63,1156.75,1130.49,1194.17,1118.63,1115.59,1169.76,1162.03,1136.26,1098.94,1215.76,1180.92,1120.73,1107.25,1107.38,1093.38,1243.53,1195.43,1148.32,1448.76,1141.41,1185.76,1094.93,1103.48,1167.52,1319.36,1129.04,1151.95,1116.94,1188.77,1079.61,1144.48,1082.18,1135.74
8/10/2017 6:00,1087.09,1251.88,1468.75,1101.29,1130.99,1236.98,1099.85,1073.3,1131.8,1064.98,1122.56,1656.47,1126.98,1120.6,1107.57,1113.33,1150.44,1123.52,1136.02,1113.52,1169.67,1090.84,1100.28,1140.53,1145.95,1103.76,1080.79,1200.07,1199.23,1067.75,1066.57,1069.58,1065.82,1233.34,1158.69,1169.38,1909.05,1121.4,1193.67,1065.55,1073.96,1146.49,1328.87,1092.8,1129.97,1092.37,1163.33,1006.2,1111.16,1056.84,1114.77
8/10/2017 9:00,1062.9,1260.28,1449.81,1082.79,1172.78,1220.5,1081.62,1050.45,1111.43,1334.51,1115.78,1770.81,1122.74,1091.96,1088.59,1093.49,1134.58,1074.72,1115.48,1106.91,1152.74,1064.65,1085.61,1113.29,1137.06,1066.79,1063.47,1175.1,1188.91,1014.92,1071.81,1033.39,1031.67,1197.99,1140.53,1173.79,2304.85,1097.47,1252.91,1047.08,1042.91,1127.19,1345.7,1069.26,1113.57,1068.66,1131.24,1024.41,1079.4,1050.07,1095.5
8/10/2017 12:00,1025.77,1283.64,1608.45,1053.11,1226.32,1203.31,1099.82,1028.04,1101.28,1546.21,1112.36,1847.85,1110.93,1070.41,1090.05,1085.64,1108.3,1299.64,1088.41,1100.71,1142.76,1037.58,1087.6,1102.74,1133.04,1025.07,1046.37,1150.36,1159.72,981.653,1105.69,1004.28,1003.17,1179.59,1134.58,1155.81,2543.47,1077.47,1290.52,1037.72,1048.88,1111.1,1364.05,1062.91,1092.32,1044.42,1080.91,1052.52,1065.16,1068.48,1101.81
8/10/2017 15:00,983.218,1314.32,1922.28,1043.84,1265,1193.63,1136.57,1001.98,1080.36,1734.15,1093.89,1870.44,1119.79,1056.39,1089.51,1076.57,1079.67,1691.43,1066.06,1075.65,1128.26,1020.22,1095.18,1116.24,1116.79,1011.04,1025.54,1129.86,1145.58,981.602,1129.52,988.042,975.802,1212.27,1140.58,1136.68,2666.44,1085.26,1259.13,1012.78,1049.85,1088.71,1368.97,1081.07,1087.44,1045.89,1079.32,1063.22,1058.72,1100.69,1101.02
8/10/2017 18:00,943.077,1350.36,2039.96,1042.96,1292.94,1193.82,1180.06,978.009,1086.81,1908.19,1073.12,1859.34,1123.32,1085.88,1062.08,1065.46,1057.21,1793.65,1064.09,1058.32,1109.75,1005.8,1080.17,1118.97,1098.12,1023.95,1008.86,1114.73,1199.7,984.232,1137.29,982.146,947.993,1233.54,1143.45,1218.95,2717.6,1146.64,1233.32,978.068,1024.54,1067.03,1347.22,1107.52,1077.42,1044.38,1099.42,1045.94,1075.92,1109.6,1080.85
8/10/2017 21:00,908.126,1402.48,1986.68,1039.07,1313.57,1190.13,1231.38,955.437,1102.69,2072.78,1062.6,1835.26,1128.72,1136.68,1048.97,1047.71,1047.24,1745.67,1084.43,1039.46,1089.63,997.516,1067.33,1119.91,1081.84,1048.73,990.401,1100.25,1257.99,1010.77,1136.75,997.208,913.568,1242.55,1142.66,1234.29,2727.73,1213.56,1232.65,956.227,1010.75,1044.76,1331.33,1152.27,1061.44,1031.01,1104.07,1078.92,1135.55,1130.35,1070.13
8/11/2017 0:00,880.064,1425.23,1936.17,1047.1,1327.97,1289.13,1296.22,934.889,1115.94,2221.33,1046.54,1815.64,1133.93,1154.42,1113.45,1040.27,1050.79,1969.91,1118.38,1029.13,1068.55,989.02,1051.1,1120.99,1083.48,1081.16,1000.45,1085.97,1278.3,1060.43,1131.88,1010.05,877.234,1234.61,1141.15,1148.08,2716.5,1277.44,1303.49,946.039,1005.91,1020.82,1299.32,1196.02,1039.67,1010.72,1104.03,1132.86,1268.74,1174.36,1060.66
8/11/2017 3:00,860.625,1445.33,1868.86,1044.73,1335.66,1478.53,1373.25,916.078,1137.83,2338.95,1026.49,1830.87,1128.27,1203.42,1246.72,1025.86,1085.96,2303.77,1133.18,1007.2,1046.97,979.901,1033.89,1123.11,1083.02,1109.32,990.466,1072.07,1302.85,1113.03,1123.99,1013.91,849.474,1219.43,1140.49,1276.48,2693.5,1374.49,1432.89,901.962,999.71,995.311,1303.61,1195.35,1012.27,998.204,1100.37,1198.85,1488.81,1209.37,1049.58
8/11/2017 6:00,849.781,1467.25,1802.11,1031.83,1335.17,1618.81,1453.9,896.076,1238.28,2424.6,1004.65,1858.09,1119.57,1307.05,1328.66,1002.54,1144.21,2451.28,1132.21,993.833,1022.59,963.196,1017.42,1118.77,1067.96,1141.2,965.309,1058.5,1409.91,1156.57,1112.7,1016.78,834.019,1215.02,1140.81,1437.2,2661.9,1485.57,1652.7,904.376,991.124,968.229,1304.68,1136.53,975.45,981.337,1091.74,1260.32,1640.15,1271.43,1032.9
8/11/2017 9:00,846.311,1480.65,1739.88,1010.75,1325.95,1698.75,1537.58,875.979,1402.03,2472.02,986.018,1829.35,1110.84,1360.82,1321.41,977.306,1226.56,2604.21,1122.95,973.569,996.192,938.613,998.499,1124.5,1044.46,1169.92,938.312,1053.25,1483.11,1190.04,1099.21,1011.88,828.577,1206.45,1140.45,1559.15,2622.43,1526.27,1831.83,980.377,977.335,941.126,1303.95,1160.12,946.65,960.23,1077.03,1287.04,1626.33,1344.56,1010.75
8/11/2017 12:00,851.986,1475.83,1668.92,988.905,1312.23,1691.51,1613.52,852.563,1552.32,2485.97,970.877,1773.72,1102.04,1352.51,1277.4,957.13,1319.39,2708.93,1091.23,931.594,962.278,911.132,969.977,1125.93,1014.25,1176.16,905.332,1047.14,1514.04,1239.24,1083.51,994.71,832.341,1193.41,1140.32,1666.19,2573.82,1519.83,1826.89,1024.7,955.252,909.621,1302.55,1163.14,886.002,954.184,1058.78,1252.86,1542.54,1388.19,995.949
8/11/2017 15:00,858.286,1486.75,1591.32,975.231,1291.36,1665.01,1683.55,834.172,1647.56,2469.52,957.348,1718.79,1105.07,1319.03,1244.28,936.921,1440.36,2851.27,1055.19,930.403,936.737,890.482,954.564,1118.72,986.951,1192.21,872.559,1033.48,1521.83,1291.24,1069.04,1016.39,843.752,1187.76,1129.63,1760.97,2516.45,1499.13,1804.12,1034.66,946.565,877.315,1321.61,1138.18,862.136,962.635,1038.36,1235.23,1464.29,1478.33,976.179
8/11/2017 18:00,863.41,1494.7,1521.54,972.587,1259.66,1653.98,1749.63,813.506,1726.11,2429.55,947.189,1665.24,1118.19,1292.07,1219.52,936.228,1547.58,3075.35,1022.46,959.149,909.541,873.639,951.288,1136.86,953.944,1225.3,838.565,1028.19,1532.19,1310.35,1056.22,1017.34,859.805,1192.21,1144.94,1846.89,2452.68,1494.92,1777.87,1055.98,944.946,852.092,1360.34,1121.79,861.04,1000.31,1025.99,1175.4,1414.37,1593.4,965.036
8/11/2017 21:00,869.351,1516.28,1457.32,972.056,1231.82,1658.74,1823.3,788.251,1880.53,2386.82,942.971,1850.06,1142.8,1332.41,1190.81,992.33,1638.58,3485.26,985.701,1003.15,893.61,881.894,988.723,1217.51,916.9,1273.43,825.037,1022.03,1583.52,1329.97,1061.89,997.743,880.978,1260.55,1191.84,1932.9,2404.94,1547.33,1745.61,1161.46,921.589,858.27,1403.57,1115.86,883.819,1066.16,1045.81,1091.89,1443.46,1689.78,975.091
8/12/2017 0:00,879.976,1544.02,1424.99,994.168,1249.47,1667.49,1907.26,769.925,2094.84,2335.42,942.772,2128.54,1156.89,1462.26,1159.42,1040.35,1724.64,4044.47,963.814,1009.61,883.866,909.824,1078.44,1353.09,881.892,1330.68,868.769,1010.5,1695.05,1244.02,1156.58,977.093,909.523,1346.42,1214.4,2000.75,2358.97,1596.43,1715.06,1365.38,851.826,882.894,1456.77,1118.56,898.713,1127.18,1124.67,1256.96,1515.71,1853.84,993.902
8/12/2017 3:00,884.111,1533.87,1435.15,1025.82,1278.71,1653.51,1937.61,757.202,2219.76,2242.66,940.508,2246.13,1114.62,1500.29,1133,1101.47,1793.01,4410.8,942.244,1030.53,860.98,899.564,1154.21,1470.06,853.616,1368.28,914.836,984.765,1816.96,1254.28,1237.31,944.473,932.673,1363.34,1195.93,2047.47,2301.9,1591.64,1680.76,1636.13,775.941,874.68,1497.92,1134.11,892.341,1176.57,1214.63,1778.77,1652.14,1956.9,997.413
8/12/2017 6:00,873.008,1504.29,1419.82,1028.95,1260.4,1624,1930.35,747,2255.95,2126.4,934.14,2277.25,1094.56,1548.15,1107.29,1383.24,1830.95,4480.39,901.816,1036.06,835.066,858.457,1212.06,1533.32,831.817,1375.93,902.407,953.069,1905.9,1586.03,1340.37,894.945,941.299,1372.34,1157.93,2072.87,2221.45,1587,1653.86,1836.6,737.209,838.313,1513.87,1165.35,876.751,1193.3,1258.37,2336.11,1877.86,1973.4,1003.1
8/12/2017 9:00,857.94,1457.45,1366.73,1031.62,1209.49,1590.15,1907.13,747.039,2312.23,2002.3,923.347,2284.15,1083.39,1673.36,1070.94,1638.27,1843.14,4420.53,861.169,1016.81,801.737,824.555,1344.64,1578.52,817.02,1371,865.444,934.021,2027.45,1939.04,1490.12,880.565,946.963,1404.88,1110.25,2096.41,2112.24,1579.57,1629.22,1937.57,814.989,801.243,1536.69,1200.08,855.588,1191.79,1285.03,2696.42,1999.37,1941.58,997.79
8/12/2017 12:00,836.506,1395.38,1321.17,1043.99,1149.54,1549.53,1869.85,747.143,2368.99,1879.68,905.398,2241.41,1045.01,1788.33,1035.28,1762.73,1845.46,4289.99,824.432,990.757,773.142,791.417,1511.33,1605.81,813.123,1356.71,823.417,933.405,2153.54,2224.65,1565.23,885.067,941.403,1415.33,1056.86,2127.3,1999.47,1573.15,1569.6,2088.5,952.115,758.946,1494.55,1229.63,834.105,1177.9,1292.82,2905.79,2046.62,1885.02,982.347
8/12/2017 15:00,821.149,1346.98,1275.38,1030.48,1085.67,1506.64,1818.88,728.322,2409.75,1766.3,880.846,2177.27,959.176,1858.55,1012.41,1814.78,1837.21,4161.5,789.525,976.642,757.82,754.77,1702.1,1605.84,821.689,1326.23,779.581,925.225,2277.82,2517.38,1548.33,885.391,927.623,1397.81,1001.33,2131.91,1882.79,1560.6,1523.96,2278.65,1101.51,721.709,1477.08,1247.77,813.612,1161.06,1238,3042.6,2071.68,1823.93,958.512
8/12/2017 18:00,802.612,1303.83,1221.64,992.114,1026.92,1477.21,1766.43,715.99,2426.13,1703.63,861.641,2236.49,857.661,1967.81,983.092,1833.53,1801.08,4036.44,750.469,973.273,742.865,721.028,1962.17,1574.84,844.394,1340.29,736.842,924.165,2389.48,2964.9,1505.82,884.99,906.734,1364.21,950.947,2126.59,1769.61,1566.61,1495.61,2428.62,1289.35,712.974,1478.52,1254.58,794.184,1143.36,1245.72,3127.33,2063.69,1707.95,942.588
8/12/2017 21:00,781.608,1251.5,1157.57,952.027,986.053,1525.83,1718.56,701.014,2425.66,1679.64,854.95,2329.9,765.914,2156.84,953.997,1896.22,1769.93,3859.54,711.275,954.349,767.167,693.983,2339.91,1609.51,895.107,1361.15,727.146,1005.79,2472.37,3344.51,1489.7,903.896,876.651,1336.21,964.221,2105.18,1676.5,1610.07,1487.15,2676.71,1474.79,696.567,1471.38,1253.95,782.402,1135.25,1459.3,3182.95,2105.45,1565.45,932.603
8/13/2017 0:00,755.481,1232.08,1117.55,1050.82,948.155,1634.3,1661.98,687.9,2412.9,1616.57,859.141,2310.67,712.645,2477.34,933.823,1936.31,1727.23,3797.36,673.228,862.115,769.635,669.787,2549.61,1644.3,969.432,1324.39,746.323,1115.06,2544.55,3387.61,1475.58,987.687,838.187,1293.1,1032.94,2051.37,1587.33,1656.06,1481.09,3163.98,1703.78,677.394,1447.04,1249.64,760.38,1128.09,2036.1,3240.05,2235.59,1826.8,915.291
8/13/2017 3:00,723.62,1222.14,1093.44,1410.13,892.822,1664.74,1592.55,683.59,2387.75,1581.75,903.403,2247.58,722.792,3052.12,924.364,1842.11,1659.24,3979.49,639.663,824.606,707.083,648.271,2614.96,1625.85,1011.85,1295.4,725.94,1160.46,2647.5,3252.08,1446.61,1247.87,802.231,1256.47,1210.81,2085.31,1483.72,1647.21,1439.47,3640.77,1974.9,669.005,1423.1,1244.7,743.953,1109.93,2675.84,3304.91,2342.41,2374.38,875.09
8/13/2017 6:00,688.461,1199.76,1074.96,1870.79,841.06,1608.3,1520.86,671.869,2344.35,1596.38,992.401,2190.15,812.531,3658.51,931.752,1822.7,1577.29,4160.22,614.208,908.717,744.653,629.357,2739.88,1634.77,1033.67,1243.7,675.225,1155.01,2770.52,3249.1,1422.27,1504.92,782.795,1220.92,1280.97,2118.62,1385.93,1635.13,1374.03,3821.71,2303.4,659.808,1390.93,1243.3,723.903,1088.87,3082.22,3373.66,2356.68,2744.81,836.997
8/13/2017 9:00,654.591,1171.62,1050.09,2111.66,792.78,1533.7,1450.49,722.067,2292.86,1594.18,1041.18,2134.81,983.824,4086.45,910.092,1915.51,1498.97,4184.61,598.365,1083.16,756.68,614.664,2861.19,1658.31,1039.08,1192.95,688.681,1122.56,2875.4,3517.77,1415.96,1580.23,783.072,1201.42,1302.42,2107.67,1296.58,1624.04,1307.82,3786.73,2676.83,644.489,1369.34,1245.91,699.781,1065.21,3368.73,3460.27,2346.04,2886.49,818.116
8/13/2017 12:00,625.487,1142.07,951.163,2148.94,744.614,1444.53,1383.17,790.888,2226.6,1543.63,1043.23,2071.34,1224.75,4417.47,857.479,1966.97,1423.11,4111.18,573.552,1260.66,751.44,609.938,2840.83,1656.42,1029.71,1151.51,705.511,1071.17,2949.23,3973.7,1401.89,1598.02,800.52,1201.26,1290.66,2069.44,1194.36,1540.73,1253.28,3731.01,3025.89,629.234,1352.55,1256.84,673.7,1043.32,3577.68,3561.48,2283.96,2977.49,800.62
8/13/2017 15:00,602.306,1125,910.538,2131.98,717.502,1350.36,1322.99,803.181,2161.79,1480.41,1041.11,1998.65,1513.92,4657.12,844.914,1978.35,1349.23,3999.57,576.3,1441.54,756.119,607.985,2735.98,1646.46,1018.9,1123.01,703.65,1011.93,3012.29,4479.66,1396.15,1591.97,834.342,1218.6,1255.63,2014.27,1132.64,1431.24,1212.84,3669.52,3328.68,613.844,1321.36,1243.7,659.122,1025.27,3683.16,3667.71,2198.32,3047.22,785.896
8/13/2017 18:00,586.522,1122.76,880.99,2128.65,707.492,1259,1261.62,795.884,2096.32,1429.4,1036.05,1923.28,1843.37,4812.23,831.789,1973.36,1287.49,3890.17,586.372,1642.33,779.012,602.498,2649.29,1652.45,996.796,1112.74,690.532,976.636,3081.34,4977.95,1397.83,1570.12,880.767,1239.55,1257.37,1977.52,1085.74,1323.7,1157.3,3582.31,3614.88,599.293,1292.8,1258.71,651.955,1009.31,3707.44,3766.23,2147.86,3128.56,785.596
8/13/2017 21:00,581.82,1103.91,860.474,2141,719.26,1189.14,1201.03,798.624,2030.68,1370.65,1038.19,1851.62,2172.45,4915.42,811.71,1974.51,1233.99,3791.99,597.103,1895.67,826.227,597.455,2595.87,1685.18,974.651,1030.32,671.066,923.845,3161.54,5531.59,1390.6,1538.09,932.954,1273.67,1337.02,1966.05,1049.5,1224.11,1121.79,3463.51,3851.93,584.526,1270.83,1254.27,658.79,994.277,3706.6,3851.05,2159.76,3226.59,793.698
8/14/2017 0:00,585.129,1120.65,879.694,2169.4,742.439,1142.59,1143.27,803.159,1962.27,1319.5,909.551,1788.92,2477.12,4981.58,787.021,1956.06,1191.1,3705.02,607.283,2248.77,910.131,596.202,2564.38,1754.03,961.461,1019.02,650.388,859.617,3255.52,5978.62,1399.51,1496.18,984.102,1326.53,1539.69,1966.61,1013.03,1138.58,1115.14,3423.28,4028.57,570.135,1250.04,1262.65,700.551,978.466,3742.03,3908.26,2197.82,3317.62,809.478
8/14/2017 3:00,588.029,1146.51,881.185,2207.6,749.954,1115.36,1079.98,795.454,1887.62,1272.31,862.677,1740.38,2741.32,5018.77,756.679,1917,1158.21,3627.91,615.072,2673.35,1000.78,597.398,2600.18,1862.13,912.041,1021.6,630.803,868.321,3356.87,6167.33,1412.1,1444.6,1029.06,1399.4,1858.55,1940.78,975.053,1095.03,1129.58,3744.53,4166.01,557.875,1219.49,1257.4,853.208,961.374,3805.31,3928.94,2254.46,3399.78,817.497
8/14/2017 6:00,584.68,1176.92,819.631,2258.2,754.77,1112.93,1011.51,779.473,1809.66,1213.66,920.02,1706.62,2954.18,5026.75,730.633,1871.28,1124.3,3557.82,620.011,3083.31,1069.15,594.77,2677.14,2004.87,844.806,1050.32,609.325,921.264,3457.89,6283.93,1412.75,1388.74,1063.93,1490.88,2212.52,1887.51,936.111,1217.45,1149.78,4289.62,4273.81,546.329,1200.23,1239.31,1014.82,945.182,3830.53,3918.68,2407.37,3468.24,830.414
8/14/2017 9:00,577.505,1211.04,775.572,2320.96,751.616,1130.23,966.766,764.678,1731.41,1215.91,965.612,1685.16,3113.68,5005.79,707.721,1816.96,1112.31,3489.89,621.001,3455.4,1153.25,614.068,2658.66,2172.35,762.722,1087.6,589.514,1002.3,3550.09,6432.81,1414.19,1332.18,1087.03,1641.03,2504.49,1851.41,902.692,1459.52,1180.6,4694.16,4348.99,535.094,1194.29,1214.33,1066,929.121,3826.73,3879.44,2527.12,3633.51,841.765
8/14/2017 12:00,565.916,1244.59,797.328,2531.37,733.89,1153.47,935.739,761.047,1651.65,1236.91,971.223,1671.6,3218.73,4965.12,661.67,1759.2,1097.38,3406.61,618.49,3764.91,1233.51,635.272,2559.03,2348.29,718.107,1120.3,577.781,1097.83,3636.88,6551.07,1417.35,1278.14,1098.07,1806.65,2765.59,1816.5,873.928,1700.5,1205.45,4866.94,4370.92,526.505,1182.28,1185.27,1038.94,904.837,3821.96,3812.4,2555.76,3772.57,861.259
8/14/2017 15:00,557.509,1276.22,878.08,2774.47,753.025,1198.14,899.501,772.939,1571.72,1268.67,955.687,1661.73,3272.4,4901.64,607.378,1703.5,1100.02,3321.26,612.462,4022.65,1307.22,643.197,2483.31,2516.18,821.986,1143.5,568.685,1191.46,3683.09,6604.55,1410.59,1228.42,1097.25,1972.8,2980.78,1762.03,847.151,1936.27,1236.95,4925.93,4359.06,521.941,1167.9,1156.59,1006.8,882.071,3811.49,3721.9,2519.66,3882.47,905.428
8/14/2017 18:00,547.738,1302.04,964.64,2847.96,796.675,1239.39,864.409,776.999,1493.63,1296.51,957.647,1651.29,3278.75,4812.96,647.157,1644.76,1110.31,3241.48,599.693,4254.3,1373.04,645.773,2400.79,2667.72,979.001,1160.7,566.069,1280.12,3712.21,6559.64,1374.78,1183.45,1086.78,2132.65,3163.44,1731.65,819.451,2178.72,1292.64,4941.53,4314.82,520.333,1159.43,1127.98,980.273,858.19,3790.37,3608.61,2458.23,3977.21,956.773
8/14/2017 21:00,546.385,1318.46,1049.98,2846.66,821.295,1273.44,825.143,776.365,1416.74,1316.81,951.341,1638.82,3243.57,4698.6,661.305,1586.59,1118.95,3151.39,587.089,4448.3,1431.94,646.986,2304.5,2795.07,1125.1,1171.07,584.321,1363.83,3722.1,6443.31,1324.3,1141.8,1062.52,2277.83,3401.44,1712.09,789.61,2396.86,1358.52,4919.54,4235.82,547.072,1155.97,1099.71,956.675,837.825,3751.5,3479.54,2383.19,4096.64,1009.25
8/15/2017 0:00,552.254,1324.56,1128.07,2808.04,828.82,1304.59,807.911,772.548,1340.67,1321.92,934.235,1620.41,3173.29,4564.68,629.316,1526.85,1124.31,3051.05,574.21,4591.5,1478.49,646,2219.86,2881.63,1239.11,1175.91,699.415,1436.26,3695.29,6374.91,1269.85,1095.98,1031.02,2398.52,3912.15,1653.49,758.064,2585.42,1409.05,4844.43,4141.77,557.264,1155.8,1070.59,939.944,820.455,3691.78,3344.19,2300.26,4202.18,1049.54
8/15/2017 6:00,512.737,1318.55,1190.57,2740.82,826.74,1322.56,799.941,765.534,1271.95,1309.91,913.148,1585.01,3074.84,4402.03,659.788,1470.45,1137.08,2944.92,559.863,4693.74,1506.22,642.347,2135.78,2940.34,1350.92,1179.99,810.868,1504.01,3628.39,6370.06,1225.49,1066.18,993.713,2489.12,4386.23,1735.05,729.455,2728.25,1357.57,4714.62,4039.18,544.051,1156.95,1041.24,927.879,804.337,3609.34,3194.74,2231.15,4213.67,1080.32
8/15/2017 12:00,454.118,1281.01,1298.2,2558.08,811.236,1366.82,788.601,760.973,1136.79,1277.67,853.445,1449.2,2819.35,4035.27,727.003,1352.57,1130.56,2709.64,523.211,4759.68,1524.77,633.34,2097.87,2969.57,1590.74,1240.74,1161.11,1655.23,3442.08,6205.8,1208.14,1013.06,894.337,2605.73,4997.02,1767.09,680.169,2930.88,1549.72,4392.15,3775.27,542.997,1156,976.516,977.186,781.56,3383.55,2870.39,2074.26,4108.48,1119.58
8/15/2017 18:00,466.794,1217.85,1374.01,2331.84,819.984,1420.77,761.823,772.673,1015.88,1312.67,800.881,1365.13,2520.55,3619.56,741.376,1225.76,1106.3,2485.31,491.222,4713.89,1491.42,627.731,2214.61,2869.53,1830.22,1315.97,1520.05,1749.01,3219.21,5831.83,1246.03,960.111,835.695,2625.89,5219.53,1741.37,648.755,2987.92,2168.6,4013.52,3411.94,545.772,1141.18,904.547,1111.73,751.651,3093.09,2539.11,1950.33,3845.25,1127.73
8/16/2017 0:00,544.249,1166.84,1444.75,2111.12,855.975,1557.23,762.53,797.955,917.671,1306.86,749.572,1378.92,2258.25,3237.2,752.594,1141.56,1128.85,2307.28,474.889,4712.26,1407.46,650.719,2412.62,2698.62,2037.86,1341.09,1781.43,1768.02,2973.09,5360.25,1414.3,895.137,782.477,2557.13,5194.78,1800.1,633.41,2932.22,2723.61,3616.27,3037.77,616.008,1107.63,838.793,1232.51,915.228,2771.36,2232.63,1898.22,3508.69,1199.01
8/16/2017 6:00,683.432,1122.1,1505.7,1925.09,1153.85,1590.38,797.74,825.074,831.428,1180.92,691.604,1367.22,2058.16,2922.1,821.763,1060.85,1146.55,2150.04,456.538,4654.18,1272.75,661.123,2620.91,2522.51,2182.01,1351.52,1919.38,1769.79,2720.16,4852.51,1657.15,824.191,710.487,2429.08,5034.29,1905.59,622.683,2798.54,3300.78,3215.13,2702.13,690.969,1057.59,775.766,1288.45,1193.11,2450.75,1928.79,1875.75,3148.66,1259.98
8/16/2017 12:00,906.566,1045.25,1476.06,1768.21,1360.11,1608.46,817.503,841.149,746.559,1059.18,644.283,1313.99,1841.05,2644.87,886.14,1025.74,1085.58,2003.92,443.015,4366.15,1155.39,668.401,2760.69,2345.43,2252.13,1366.1,1913.23,1743.43,2497.52,4342.89,1786.19,755.184,649.224,2303.13,4817.96,2016.69,609.317,2593.75,3778.52,2832.87,2390.38,713.303,1004.21,702.316,1315.49,1224.16,2151.29,1661.05,1881.19,2795.19,1271.31
8/16/2017 18:00,1171.1,970.391,1476.2,1621.72,1308.07,1812.21,814.771,837.965,669.936,941.691,616.391,1242.05,1623.59,2388.09,897.244,1025.86,1012.32,1842.79,432.688,3982.17,1075.38,672.802,2795.91,2132.94,2249.11,1338.56,1813.68,1663.49,2318.65,3844.33,1813.75,689.461,624.386,2162.5,4575.29,2117.63,589.759,2352.57,4057.63,2471.69,2113.32,724.109,945.096,665.922,1327.72,1316.53,1891.12,1466.3,1858.77,2476.23,1247.36
8/17/2017 0:00,1406.99,930.465,1456.76,1498.73,1220.9,2005.29,814.245,815.334,648.074,833.375,598.459,1213.03,1438.81,2169.26,900.021,987.71,950.906,1666.02,452.746,3666.26,990.938,662.332,2720.03,1924.06,2191.48,1256.91,1734.89,1583.23,2185.45,3372.55,1798,643.215,628.591,2033.31,4338.56,2171.89,568.513,2119.2,4254.22,2147.23,1876.78,790.065,877.165,687.038,1323.44,1429.2,1735.35,1354.03,1775.33,2192.08,1203.11
8/17/2017 6:00,1563.44,875.488,1331.18,1377.3,1160.23,2542.55,784.638,773.391,652.617,751.771,580.774,1204.36,1304.75,1989.96,891.203,948.925,894.509,1506.88,512.632,3456.24,937.846,639.468,2568.42,1733.14,2077.72,1159.72,1644.74,1518.81,2083.18,2944.12,1724,626.269,653.941,1957.75,4088.4,2168.18,548.75,1914.92,4311.98,1880.4,1703.19,928.806,810.498,695.992,1294.94,1513.89,1667.17,1283.89,1680.03,1913.48,1167.21
8/17/2017 12:00,1641.93,806.434,1236.97,1284.04,1146.4,3043.43,753.779,725.929,662.6,699.075,586.394,1279.65,1223.42,1841.7,869.372,1008.04,841.941,1377.09,902.637,3280.17,928.136,599.72,2382.01,1581.61,1922.54,1106.24,1517.26,1488.8,1982.79,2562.1,1607.77,655.81,695.719,1932.61,3802.89,2109.95,527.028,1754.29,4213.06,1672.32,1626.03,1103.19,747.329,677.211,1242.8,1613.47,1547.22,1250.34,1572.64,1654.57,1172.32
8/17/2017 18:00,1681.94,766.825,1191.62,1197.47,1177.57,3127.24,770.63,666.098,668.668,652.255,596.494,1331.73,1165.86,1715.49,845.238,1228.29,824.385,1250.59,1164.05,3041.2,985.009,553.05,2169.87,1497.76,1766.59,1051.04,1388.45,1492.87,1881.47,2219.29,1469.56,696.312,744.221,1865.91,3477.53,1985.2,510.806,1621.55,3978.4,1499.26,1653.32,1302.26,696.515,651.734,1172.86,1689.27,1409.25,1243.43,1453.22,1447.32,1171.39
8/18/2017 0:00,1706.58,736.747,1136.85,1107.4,1221.35,3067.29,834.849,621.768,693.825,620.661,579.943,1269.98,1109.82,1590.38,824.407,1526.48,843.709,1126.74,1033.64,2708.63,1062.86,507.94,1947.95,1409.3,1604.45,954.757,1224.3,1500.65,1769.57,1918.74,1328.48,711.994,764.638,1761.94,3137.91,1830.75,498.976,1478,3659.29,1350.86,1752.29,1459.85,656.729,636.162,1094.28,1736.35,1346.55,1246.2,1330.5,1306.21,1125.21
8/18/2017 6:00,1719.67,700.506,1111.61,1038.87,1244.51,2925.53,926.298,602.445,746.031,598.076,566.836,1264.61,1056.66,1465.68,804.895,1803.76,860.807,1045.67,930.431,2429.99,1133.77,475.778,1740.66,1311.09,1439.49,863.912,1073.96,1492.93,1642.41,1664.92,1195.85,714.213,744.089,1661.09,2794.99,1666.08,481.012,1360.92,3301.67,1238.5,1852.62,1531.59,615.41,617.601,1046.11,1752.71,1328.09,1239.17,1210.34,1240.45,1075.39
8/18/2017 12:00,1702.27,678.627,1117.55,997.743,1232.25,2743.67,1020.36,580.058,758.795,579.557,566.965,1291.09,1010.07,1347.49,815.41,1994.68,892.48,1000.41,856.214,2290.52,1180.69,463.912,1572.52,1211.1,1285.33,802.148,961.246,1461.35,1516.81,1458.72,1072.75,702.592,714.466,1614.43,2469.12,1488.89,463.41,1265.84,2936.06,1155.19,1911.53,1551.66,583.225,603.423,998.659,1762.39,1373.83,1208.55,1096.07,1235.53,1022
8/18/2017 18:00,1649.06,670.216,1141.02,945.041,1215.1,2552.71,1094.84,542.562,718.498,569.539,561.323,1231.89,1027.96,1241.24,854.053,2077.53,905.34,981.891,807.058,2282.92,1192.62,465.945,1429.25,1120.53,1221.21,762.371,879.352,1404.01,1403.55,1293.76,968.169,682.177,691.544,1713.08,2177.23,1334.35,448.563,1191.6,2588.36,1091.92,1921.84,1526.41,558.898,597.98,913.881,1737.35,1445.52,1156.06,991.838,1249.2,965.304
8/19/2017 0:00,1566.7,669.157,1082.39,871.448,1167.15,2373.46,1147.5,511.3,667.251,576.492,551.102,1156.07,1034.57,1145.39,902.505,2063.3,884.945,967.984,770.775,2400.81,1169.66,473.394,1295.26,1041.07,1168.9,709.829,821.294,1323.89,1290.49,1160.73,875.609,658.916,650.538,2003.23,1939.61,1209.65,449.098,1141.42,2270.61,1035.32,1882.2,1461.77,537.88,601.572,835.156,1647.66,1473.96,1089.98,901.28,1258.29,911.923
8/19/2017 6:00,1460.06,671.37,1035.4,822.914,1108.22,2216.66,1165.65,504.244,632.632,597.12,553.686,1084.6,955.535,1058.47,937.471,1977.24,861.029,943.337,738.226,2534.42,1116.83,473.563,1182.2,974.099,1073.86,664.37,779.779,1237.44,1185.06,1051.21,797.208,635.192,609.369,2171.62,1723.49,1110.42,443.576,1101.73,1985.07,978.632,1802.86,1380.32,523.16,602.897,764.294,1537.24,1462.45,1012.99,825.601,1242.84,862.631
8/19/2017 12:00,1340.54,671.845,1144.78,812.947,1056.44,2070.09,1139.64,525.523,619.527,617.755,559.511,1022.15,878.248,980.766,944.534,1844.05,850.08,900.607,703.413,2588.29,1046.95,459.533,1082.28,913.461,1000,635.315,745.408,1160.38,1088.54,958.389,725.371,614.606,573.335,2123.75,1554.61,1027.22,455.517,1058.5,1736.05,915.674,1704.4,1290.66,518.598,588.892,704.493,1423.14,1447.93,937.048,762.65,1214.32,816.709
8/19/2017 18:00,1220.68,665.616,1206.86,831.872,1011.19,1931.37,1087.15,587.018,633.819,629.539,550.321,968.965,809.368,911.497,924.613,1684.35,850.433,866.507,664.527,2590.4,971.41,453.254,1018.13,863.203,951.1,617.794,715.068,1091.53,995.739,877.296,651.14,593.761,543.587,2034.06,1422,952.239,472.919,1016.65,1523.29,849.13,1603.29,1198.65,527.585,549.395,658.081,1301.45,1414.63,863.29,707.645,1158.11,774.533
8/20/2017 0:00,1098.44,655.283,1269.99,841.564,954.732,1780.27,1021.97,665.535,672.312,631.332,531.742,913.238,745.409,844.32,885.294,1571.11,850.451,818.973,621.185,2567.35,898.294,435.065,960.988,819.852,950.457,647.277,687.099,1021.58,914.412,805.246,592.533,558.515,519.155,1931.1,1297.58,881.29,482.302,973.638,1347.29,786.419,1477.55,1108.82,546.451,533.148,619.457,1181.91,1342.07,799.178,658.157,1090.05,739.624
8/20/2017 6:00,990.961,635.847,1377.41,837.741,894.176,1651.53,950.105,723.57,712.82,623.231,521.499,846.246,697.354,783.314,834.671,1478.6,838.713,751.44,575.975,2480.66,830.328,443.118,882.222,783.243,989.547,694.9,658.518,959.119,851.913,741.138,566.29,538.275,494.994,1829.45,1188.22,1032.7,493.056,926.904,1202.34,733.003,1344.15,1020.83,563.452,555.728,583.947,1073.2,1269.44,743.163,614.419,1018.94,735.917
8/20/2017 12:00,899.553,605.346,1505.1,837.76,831.274,1545.29,878.594,725.677,731.058,606.948,521.061,779.283,661.229,731.131,779.703,1340.74,790.588,705.818,534.807,2351.8,764.477,529.778,807.719,769.726,997.31,828.632,627.024,915.598,829.552,685.651,572.17,514.485,469.215,1732.4,1090.36,1180.68,513.682,878.95,1085.43,691.987,1225.77,934.432,554.339,599.438,554.507,989.878,1204.34,694.969,575.81,952.851,729.036
8/20/2017 18:00,831.375,573.914,1608.13,830.953,765.545,1411.87,842.444,699.877,730.124,597.12,544.944,720.107,621.797,681.972,727.662,1196.5,775.518,716.021,495.077,2195.38,700.166,602.155,749.154,765.225,992.894,920.69,592.468,861.103,815.681,636.775,583.687,475.171,442.307,1633.13,1002.15,1144.16,527.083,833.426,996.591,657.187,1134.09,853.838,580.966,633.853,530.982,918.14,1143.93,650.957,542.049,893.936,672.365
8/21/2017 0:00,797.246,548.696,1659.08,802.867,713.403,1283.45,815.452,668.523,741.696,584.06,585.093,672.002,626.72,658.443,684.355,1069.19,743.706,766.937,474.185,2027.73,645.729,636.094,700.429,753.55,987.584,919.724,558.579,818.621,913.492,591.792,587.869,449.512,415.57,1531.21,925.527,1082.33,521.601,804.503,923.427,624.529,1063.92,781.497,612.574,668.714,508.756,840.262,1084.03,609.496,512.27,847.953,592.673
8/21/2017 6:00,745.32,526.599,1645.56,755.592,669.934,1226.72,713.53,655.492,756.54,557.764,611.467,635.572,701.967,644.034,633.785,972.537,686.381,826.916,473.366,1854.14,611.354,678.901,663.265,947.404,977.952,995.686,524.116,788.412,1079.55,564.895,588.688,449.625,388.839,1448.05,857.146,1042.21,515.723,795.568,859.152,622.911,994.212,717.921,609.623,713.493,486.617,773.168,1023.3,577.005,489.042,799.183,556.523
8/21/2017 12:00,656.044,515.612,1576.56,726.299,665.384,1235.31,572.013,655.573,749.698,526.186,612.75,601.055,821.949,609.122,598.003,909.938,670.098,873.566,469.377,1680.21,643.283,776.064,639.133,1110.44,956.575,1133.2,493.501,762.278,1169.18,584.08,607.736,466.595,362.037,1364.38,795.574,1028.43,508.388,801.12,804.116,619.119,928.775,662.858,616.034,768.128,471.178,724.641,961.214,561.992,535.979,762.952,607.51
8/21/2017 18:00,588.152,525.485,1474.86,713.656,684.98,1273.98,684.266,643.588,737.176,499.546,587.096,574.965,785.09,568.196,595.498,873.361,712.611,912.059,449.4,1515.37,835.115,896.656,621.984,1029,927.557,1286.57,469.399,733.188,1223.83,683.94,620.253,486.315,349.254,1265.53,741.62,1017.84,496.226,799.447,760.107,612.313,871.539,615.898,645.704,834.693,465.471,693.668,898.012,558.883,581.445,736.524,729.02
8/22/2017 0:00,588.876,588.399,1357.68,695.843,682.677,1306.76,1010.74,617.869,742.487,477.559,560.378,563.281,732.856,562.368,577.021,849.405,789.151,927.173,425.853,1365.06,1393.25,996.34,597.886,962.28,885.464,1577.72,445.535,705.968,1352.74,931.305,601.544,499.341,355.82,1168.24,696.472,1021,481.407,791.888,725.305,787.543,820.297,576.028,666.448,902.681,454.224,667.266,834.31,545.118,601.616,700.518,871.462
8/22/2017 6:00,672.391,633.814,1237.79,681.62,674.058,1310.93,1438.17,592.683,755.248,457.809,548.491,549.492,769.216,676.135,571.784,826.167,865.412,789.863,427.066,1227.6,2121.13,1162.76,574.748,912.824,828.993,1915.77,424.048,679.671,1924.12,952.29,580.211,505.699,348.622,1101.79,656.198,1092,470.285,765.274,696.905,1009.99,771.194,542.427,668.771,969.246,434.82,640.5,772.235,521.811,658.059,680.671,991.127
8/22/2017 12:00,779.998,583.973,1121.48,670.529,705.553,1305.89,1834.06,571.818,756.769,443.227,557.251,546.729,951.165,788.725,563.503,795.114,914.554,965.635,470.859,1103.49,2476.45,1365.01,554.229,872.273,780.177,2159.51,417.018,652.771,2494.83,857.319,558.507,507.369,362.861,1033.37,617.466,1109.91,465.294,728.744,673.194,1094.79,722.256,512.285,666.613,1029.7,424.845,635.072,703.623,503.795,1062.25,693.915,1075.26
8/22/2017 18:00,869.769,622.179,1012.05,659.955,771.119,1254.9,2198.08,553.737,750.915,433.402,580.011,545.721,1201.51,860.399,567.662,756.935,926.414,1414.19,529.826,995.52,2449.73,1552.4,544.819,842.873,747.859,2347.8,416.034,635.421,2597.96,913.315,532.799,503.824,384.108,967.045,583.287,1079.99,466.964,693.818,647.725,1121.7,681.843,490.865,657.564,1068.37,418.817,626.205,656.578,493.146,1656.25,682.21,1101.82
8/23/2017 0:00,928.271,681.296,914.142,644.914,837.729,1187.6,2455.48,538.16,736.122,422.933,578.098,535.529,1398.15,911.613,584.337,711.14,911.69,1657.57,723.972,911.509,2418.56,1697.05,538.423,835.274,713.995,2356.94,404.107,614.701,2536.18,1092.07,505.306,494.749,374.98,899.074,557.76,1023.98,468.187,657.181,620.87,1131.05,656.29,473.89,653.16,1133.29,428.883,627.31,608.409,473.749,1816.1,659.935,1090.08
8/23/2017 6:00,988.202,798.793,827.507,626.662,906.248,1108.35,2636.34,547.305,720.58,411.551,555.166,533.161,1551.83,934.215,602.17,659.718,878.474,1777.13,1210,850.979,2770.21,1772.44,530.374,848.861,679.098,2320.64,387.663,596.95,2426.79,1336.08,484.058,479.45,360.625,811.308,538.262,1030.48,462.806,650.334,598.901,1168.71,639.032,455.616,649.451,1234.6,439.14,628.072,568.341,446.75,1877.07,630.416,1057.75
8/23/2017 12:00,971.19,1380.92,766.662,606.088,950.672,1046.92,2753.68,551.79,716.232,438.623,574.245,575.638,1671.42,924.656,631.341,614.742,833.781,1865.86,1480.57,798.772,3004.66,1772.92,516.477,870.653,649.434,2313.96,397.481,614.846,2279.8,1587.5,480.553,464.841,349.701,922.857,523.002,1093.21,451.178,725.413,571.893,1194.5,634.474,448.665,647.089,1291.76,440.01,614.09,696.745,438.773,2027.28,606.828,1047.55
8/23/2017 18:00,898.368,2069.63,716.356,578.767,958.319,989.335,2819.17,523.544,730.753,485.892,644.162,665.6,1718.6,885.572,656.429,574.069,798.588,1938.85,1374.77,779.812,3038.18,1709.02,508.22,890.123,626.753,2346.31,404.308,624.652,2140.94,1787.73,454.179,450.499,344.604,1264.65,542.488,1103.24,435.147,835.694,548.076,1157.43,617.293,447.716,631.37,1263.34,444.072,599.516,879.158,439.483,2264.39,606.867,1022.81
8/24/2017 0:00,1034.38,2647.84,674.318,559.26,934.697,926.843,2829.36,495.16,757.804,481.603,754.174,780.961,1661.52,849.798,669.403,537.284,774.128,1983.13,1596.89,883.769,2976.51,1630.19,499.343,903.48,620.059,2357.81,410.297,605.016,2018.61,1883.53,403.646,434.871,342.948,1559.27,702.909,1078.09,420.831,915.639,523.598,1095.84,594.094,433.569,608.015,1214.81,453.258,607.487,1048.41,433.472,2505.82,643.847,933.659
